price_earnings,price_book,price_sales,valuation_z__scaled,earnings_share,dividend_yield,ebitda,ebitda_log__scaled,profitability_ratio__scaled,market_cap,price,52w_range__scaled,price_to_52w_high__scaled,market_cap_log__scaled,dividend_flag__scaled
24.31,11.34,4.3902707,0.9082810779397061,7.92,2.3328617,9048000000.0,1.1029912878911994,-0.1892436474208096,138721055226.0,222.89,-0.22947848957056724,0.2699498829518243,1.47726675742504,0.0
27.76,6.35,3.5754826,0.5029094065023578,1.7,1.1479592,601000000.0,-0.6323411390880603,-0.33606427701543684,10783419933.0,60.24,0.08384892718562903,0.11203219503492752,-0.5417552006635424,0.0
22.51,3.19,3.7404804,0.07698829072532168,0.26,1.9089824,5744000000.0,0.8122095338012172,-0.32812405809988787,102121042306.0,56.27,-0.39525624980729973,0.5171798845782198,1.235164586353484,0.0
19.41,26.14,6.291571,2.2289556290386474,3.29,2.4995599,10310000000.0,1.186548829040215,-0.3189500401561498,181386347059.0,108.48,-1.7908096549770536,2.4514929960974663,1.68922164917448,0.0
25.47,10.62,2.604117,0.6857347417223103,5.44,1.7144699,5643228000.0,0.800882828993839,-0.3143486881888335,98765855553.0,150.51,0.011209540876205296,0.4356152473946245,1.208760071383432,0.0
31.8,5.16,10.59512,1.3159377215266614,1.28,0.43190324,2704000000.0,0.3300623332745722,-0.4017690518713085,52518668144.0,65.83,-1.4577576956033143,1.981704269043488,0.7095614951577985,0.0
18.22,3.55,1.7953473,-0.2502151036690889,7.43,0.35118526,587800000.0,-0.6465530791181087,0.25843185281013764,6242377704.0,145.41,-0.5871259956161858,-0.7308987173787633,-0.9738220778490735,0.0
52.31,11.06,13.092818,2.7767025986075953,3.39,0.0,2538040000.0,0.28952840989949175,-0.7829970193723889,94550214268.0,185.16,-1.1402708849886933,1.6841032703302738,1.174282452159241,-1.0
19.54,2.51,1.1301061,-0.3700831162071469,6.19,0.21832074,853941000.0,-0.4075506413839338,0.42791353608154165,8123611867.0,109.63,-1.8875760581961114,0.7619264004282703,-0.7656218946230945,0.0
187.0,21.47,2.1091955,6.886500288958031,0.03,0.0,339000000.0,-0.9987684257354459,-0.7296706055487701,11191663795.0,12.8328,-0.6477763400756906,0.042100078514379004,-0.5123846684905189,-1.0
9.96,2.2,0.65951383,-0.7649064425647603,-1.72,4.961832,3001000000.0,0.39675283533430206,5.509768665778374,6920851212.0,12.8328,-0.6477763400756906,0.042100078514379004,-0.892271278898336,0.0
18.11,3.79,0.9923546,-0.32269528150273347,5.75,1.101989,4139000000.0,0.6024996139366466,-0.11661775981590793,59197016353.0,178.0,-0.7078171089684623,1.161913136829098,0.8041733961062064,0.0
12.24,2.89,4.591235,-0.1925205766012714,12.07,0.6387395,1261400000.0,-0.1578995494612378,0.6704853078114401,10442174371.0,179.11,-0.14909138980418576,-0.000450391057517951,-0.567171791380036,0.0
12.24,1.53,1.5429344,-0.6488458233363509,11.01,2.4299066,0.0,-13.568189479361108,-1.1982611774734464,33422948000.0,83.25,0.35643346444834323,0.025634570225189196,0.3523626760094718,0.0
27.45,4.56,6.493563,0.6641229690577264,2.1,0.8756979,1094000000.0,-0.24901541085870885,-0.42844484584677955,21984606918.0,65.05,-0.3802218723719274,0.478377984886437,0.02126715932207415,0.0
24.22,3.35,4.1163683,0.18896422700813156,13.66,2.7811136,2542500000.0,0.2906519678524426,-0.06274898132780846,34638387128.0,152.8,0.4573971049044734,-0.24512605555314856,0.38059532592154904,0.0
32.55,3.25,5.8546524,0.6486137520053449,1.79,0.0,789517000.0,-0.45774813828827393,-0.07844046560758382,10906904066.0,62.49,-0.4943710631270637,0.7964351565547609,-0.5327556146878107,-1.0
9.66,2.21,0.9801092,-0.738222085053731,8.28,1.9928383,1665000000.0,0.019750117887557022,2.0608652815939434,7903173734.0,64.04,-0.9487078125419217,-0.4997687717859609,-0.7873659430618545,0.0
26.03,2.98,5.3666205,0.3561489513833286,5.66,1.2004126,686030000.0,-0.5476599470188575,-0.2975054818849302,11782151266.0,105.18,-0.6418596251538167,-0.1610010336881442,-0.4717453936475358,0.0
19.03,2.07,10.492155,0.6182891564879446,1.57,3.0262272,0.0,-13.568189479361108,-1.1982611774734464,12043374429.0,114.58,0.7141329680107524,-0.5359686688275965,-0.4544129692043713,0.0
22.18,2.82,9.720562,0.700544322570106,1.77,0.0,1072000000.0,-0.26201559627142174,-0.5646262928961826,26172439795.0,108.47,-0.4775190245324699,-0.308871912228061,0.15908346042396163,-1.0
56.59,16.44,13.138819,3.3847128922319127,2.84,0.0,380326000.0,-0.9251567857865967,-0.8851035377241354,18788041378.0,220.71,-3.0087215417718953,4.797067129185951,-0.10292082898466806,-1.0
21.07,20.48,4.265232,1.572099527656503,2.37,0.8004002,531800000.0,-0.710623574729902,-0.11571717154117267,7599609494.0,77.32,0.30036975603932786,-0.18242040970694579,-0.8183236776324415,0.0
10.65,0.8303999999999999,4.820115,-0.3962242816602535,23.67119999999998,1.643289,-371216000.0,-13.568189479361108,-1.2995988473339406,56668833898.0,164.2,-0.6404503063776631,-0.7236303706224686,0.7696753404169497,0.0
13.02,8.28,1.7282298,-0.02309302253614582,14.13,0.9240122,2143200000.0,0.1813193359807444,1.2337873618345683,13632608582.0,240.6,0.36335681617023596,-0.2136420951291323,-0.35644388244492464,0.0
19.86,2.13,3.4331481,-0.13558917247679256,1.65,3.5733333,1168400000.0,-0.20691071295578892,0.8864829743460881,8670163500.0,37.14,0.818709889443041,-0.7954459889850889,-0.7141572500028196,0.0
13.26,1.67,1.2085556,-0.6404565340981024,4.68,1.5278208,0.0,-13.568189479361108,-1.1982611774734464,34759468905.0,90.06,0.25988582852901404,-0.18342451919261923,0.38335339979209343,0.0
31.48,4.7,6.801692,0.8433086636730989,22.27,0.0,34156879999.99997,1.9531027816599529,-0.17807765007123907,517950659552.9572,597.3351999999982,-0.37224804265153194,0.4356671408784869,2.5185413819517013,-1.0
40.29,4.67,6.772653,1.127905693258764,22.27,0.0,32714000000.0,1.925482317649856,-0.22117299156665876,517950659552.9572,597.3351999999982,-0.37224804265153194,0.4356671408784869,2.5185413819517013,-1.0
18.89,10.32,4.945682,0.7039400430787238,5.31,3.9526875,10773000000.0,1.214660638253224,0.114157471535116,126985101434.0,64.05,0.5248759363700134,-0.5547625576209269,1.4073997480430587,0.0
200.0692,24.28,3.927053,7.761019766316584,6.16,0.0,16132000000.0,1.4730446838575015,-0.7164372912153214,517950659552.9572,597.3351999999982,-0.37224804265153194,0.4356671408784869,2.5185413819517013,-1.0
20.38,1.79,2.693119,-0.23007356442089663,2.68,3.4404964,2298000000.0,0.2259483174920013,1.5563192101727157,12905744906.0,52.59,0.7372493787602522,-0.7673357768748804,-0.39975110636334393,0.0
9.92,6.03,0.58022565,-0.4463025100025374,3.91,0.7782101,5761000000.0,0.8141007143719051,2.425354740514404,24594852352.0,48.6,-0.32297168801671555,0.1454120207416596,0.10994494713152347,0.0
17.32,1.81,2.7489934,-0.3230001622900663,1.24,3.8479443,4450800000.0,0.6489783483499707,0.9736450206528875,31701916517.0,63.38,0.7731996620432662,-0.7838011236364608,0.31057811608009783,0.0
15.0,3.75,2.273575,-0.28591415505054774,2.9,1.4955667,0.0,-13.568189479361108,-1.1982611774734464,80410990000.0,88.34,0.25795120189114185,-0.13752675187995794,1.0462545398373042,0.0
23.22,0.8303999999999999,1.4686536,-0.3552347381045639,-0.76,2.1167521,0.0,-13.568189479361108,-1.1982611774734464,54360073164.0,58.28,1.2184210088339704,-0.7983348431993136,0.7367993994718155,0.0
20.68,9.22,11.954137,1.4492803918003159,1.97,2.0,3792383000.0,0.5465305517724002,-0.20748151698755424,59213892640.0,133.57,-0.30755128471687293,0.3601512842986901,0.8043986944043227,0.0
26.23,2.55,5.553833,0.34668761794038483,2.63,2.129297,1711000000.0,0.03719036584620095,0.7051460865089677,13906146184.0,76.06,0.5787484382799162,-0.5926546115710543,-0.3407417100692105,0.0
12.41,3.73,1.9493247,-0.4091281392642415,9.44,2.0735743,0.0,-13.568189479361108,-1.1982611774734464,23472126000.0,152.5,-0.46031161335874937,0.3233792257894919,0.07301498911473693,0.0
15.54,9.73,0.4081934384,0.03738332553863784,1.64,1.6132456,991884000.0,-0.31172317816449074,-0.4529434169367352,20587704101.0,91.55,-0.2214580665427763,0.2829456887138823,-0.030620923273866115,0.0
27.61,4.54,4.015368,0.39160426359268197,2.94,0.75512403,1025763000.0,-0.29023019983528087,-0.2724263045342468,17139651923.0,72.05,-0.40266664922115775,0.8153780131703594,-0.17549936908270347,0.0
13.76,3.91,5.58192,0.05550174076240945,2.57,2.9751508,11945000000.0,1.2807472712730583,0.24389571696177303,128133340000.0,173.12,0.40460445404372314,-0.2683294944329979,1.4145146010135037,0.0
25.9,6.64,3.85675,0.4978240475323164,2.05,0.8608971,1671700000.0,0.022320091166680402,-0.2388558940277186,26955335395.0,84.44,0.10787661565657854,0.21026926607162374,0.18237972996369703,0.0
-21.29,2.88,3.9682212,-1.368045219249723,-5.9,1.7029973,3115000000.0,0.42061215531521196,0.30158978310162465,32129091747.0,56.2,-1.053269512007463,0.8243121170390043,0.32115733396678503,0.0
17.67,3.13,8.00391,0.3872504175559183,2.11,2.108963,1663384000.0,0.019128707730293935,-0.3893593833000239,31811578855.0,82.68,0.42539756412017043,-0.3910776387139714,0.3133075000652895,0.0
18.78,1.7,0.6618165,-0.5168315959537315,6.13,2.3454583,2548000000.0,0.29203481061037906,1.3129688362843606,15696449735.0,96.9,-0.6892542807686649,0.3513193886416423,-0.2450223190818988,0.0
42.53,5.79,16.184554639999998,2.346386454342283,2.99,0.0,458515000.0,-0.805510587306172,-0.6590972154861479,13155919129.0,148.84,-1.0348684547083082,1.5087438090474283,-0.3845761839739979,-1.0
19.23,2.28,0.6696521,-0.45133978146060894,14.36,1.2581781,0.0,-13.568189479361108,-1.1982611774734464,61221978627.0,230.57,-0.9402543113783473,1.0844888147175935,0.8307583309464923,0.0
20.8,6.78,3.4972682,0.3016810883177313,4.66,1.0245464,1858000000.0,0.08993605085889655,-0.3799074156080553,35123123422.0,136.05,0.2859285724885436,-0.008477093250095963,0.39157954971573355,0.0
-53.6096,2.22,3.651366,-2.525358297526949,-3.72,2.528445,3265000000.0,0.4507090025217737,2.15421442835217,15066280977.0,37.73,-0.36195298939272125,-0.8722856487992505,-0.2774089269962303,0.0
15.6,4.69,6.187621,0.2505834521635373,1.95,3.876562,874871000.0,-0.39205487494152785,0.9999607865856964,6156884142.0,38.21,0.9789976177421075,-0.8955644484086833,-0.9847218440795003,0.0
16.86,5.66,3.4586093,0.07136146376257571,9.2,1.5795412,34156879999.99997,1.9531027816599529,-0.17807765007123907,517950659552.9572,155.15,0.18343849116558394,-0.08320729519538855,2.5185413819517013,0.0
14.08,5.44,4.7020154,0.09935726229693506,3.17,0.8215239,4336000000.0,0.632255654376412,0.10938485230507827,51296481503.0,45.75,-1.0764626650608107,0.4851712492786003,0.6909505005194249,0.0
69.74,7.56,1.5025798,1.7596479213306506,5.05,0.9392678,2370000000.0,0.24569101428676135,0.27379240531238697,24906530300.0,89.27,1.1914436921780918,-0.5197494937951742,0.11989824969804706,0.0
17.45,1.29,0.52478915,-0.611131118943008,2.17,3.1761081,2927000000.0,0.3807750542053031,0.7208293654974754,23594770663.0,41.35,0.8554297132279043,-0.5376849648000618,0.07713413139898809,0.0
20.21,3.4,0.94214815,-0.29254173509649,-0.21,0.9561753,1517000000.0,-0.03982232247410271,0.7375064906816649,12123300000.0,24.45,-0.05333382243514581,-0.3247402437733399,-0.44918487793751444,0.0
21.05,2.92,1.9400215,-0.1948890541205888,2.54,2.4807138,888000000.0,-0.38252275437098765,-0.05047188265300837,11968488290.0,64.4,0.4362368935353373,-0.011817453999342777,-0.45934300096056907,0.0
33.27,1.12,0.9821866,-0.05328811204947638,9.08,2.5313594,0.0,-13.568189479361108,-1.1982611774734464,4653993594.0,85.16,0.7732976780642358,-0.8640709995036059,-1.2059093003522143,0.0
12.14,1.8,1.4083152,-0.6439630553619247,4.76,5.4156513,34156879999.99997,1.9531027816599529,1.1324569621530325,226713270000.0,35.57,0.45295622510521094,-0.45122254121345906,1.865524052662237,0.0
-53.6096,205.0419999999998,16.184554639999998,16.280477311696398,-2.61,0.0,-371216000.0,-13.568189479361108,-1.4341170227356796,24348294504.0,104.81,-0.6385285663635019,0.3186677195613133,0.10198145902039789,-1.0
29.34,12.86,4.0483294,1.1664658604592675,3.85,2.2190912,2767400000.0,0.34489368087473116,-0.34777540592426687,50337702249.0,108.25,0.45485121536884743,-0.28558147135606904,0.6760375207395972,0.0
16.31,136.23,1.8510429,11.081869691465398,23.67119999999998,0.0,2347304000.0,0.23953316306160072,0.6244776274935463,19922021415.0,597.3351999999982,-0.37224804265153194,0.4356671408784869,-0.05659976460196035,-1.0
17.97,2.12,10.251216,0.5607987388677467,6.36,3.7149355,1331579000.0,-0.12325103375411318,-0.2557774057436218,21856547430.0,154.94,0.6074163799305453,-0.8564593762686832,0.01664969300230548,0.0
22.11,8.83,1.5206499,0.3006293197530432,3.11,1.5682175,831200000.0,-0.42482373240218624,0.07426199726710066,10104814319.0,110.77,-0.552378425768397,0.8454521861502542,-0.5931289543835649,0.0
200.0692,2.25,1.9390045,5.648560050119495,-0.31,2.4991322,285000000.0,-1.1098052970937862,-1.0646398297356814,32995712852.0,27.5,-1.7245717970095022,-0.9054664926092978,0.3421942069856169,0.0
20.56,3.62,1.5696399,-0.19221655017591707,0.85,1.0170354,1317000000.0,-0.13029617287693937,0.2815736577173106,13767688518.0,38.44,0.933032816885778,-0.5041148312956639,-0.34865075437407766,0.0
16.34,1.24,3.2011874,-0.3538559257907936,1.55,1.536,0.0,-13.568189479361108,-1.1982611774734464,321478200969.0,29.74,-0.229603091048533,0.5848608758286695,2.141563556743066,0.0
25.12,3.77,3.4394414,0.17927167202090877,1.29,0.97635394,1832000000.0,0.08091775348291386,-0.4047030744246624,35713732553.0,62.56,-0.3250997668289556,0.388595023054683,0.4047598002115381,0.0
16.26,1.55,3.4552107,-0.30158482766138023,2.74,2.4526198,0.0,-13.568189479361108,-1.1982611774734464,42087562920.0,51.07,0.24063775371059115,0.14942471786342054,0.5345556592762309,0.0
22.28,3.98,5.6912947,0.35454266368732507,4.65,1.3518385,1537000000.0,-0.03144051744663579,-0.7312172436721792,50910180308.0,211.44,0.019452695014519673,-0.00015107154105335638,0.684975724400344,0.0
30.43,1.58,1.4328232,-0.057217200834569965,9.76,0.0,0.0,-13.568189479361108,-1.1982611774734464,261401203633.0,191.42,0.273605830483083,-0.05801587013277249,1.9780524592636342,-1.0
19.22,4.79,0.76715523,-0.22535673776579915,3.81,1.9085041,2555000000.0,0.29379048157568677,0.6991672694046004,20831186176.0,68.79,-1.3729998394932825,1.8183880587979193,-0.0213281303656245,0.0
14.3,5.51,5.737439,0.22796613687257472,11.94,0.0,6511400000.0,0.8924573580224842,0.25827800181294364,69157726427.0,311.79,-0.3581861535070934,0.2954191245439789,0.9270941425230088,-1.0
22.49,2.95,6.9158196,0.4094675923876657,23.67119999999998,2.1643558,5684000000.0,0.8054897485815349,-0.17470854853507328,85907759858.0,509.38,-0.6745878007426133,0.7339355375174876,1.0985178918996508,0.0
12.29,205.0419999999998,2.0188456,16.874659502249134,1.92,3.7296038,894754000.0,-0.37767386699325384,1.3738761019442316,5381433872.0,25.19,-0.6334612673483762,0.26554433360954893,-1.0911212768567329,0.0
27.29,182.86,2.1560605,15.480361661222675,13.47,1.9648397,12476000000.0,1.3085809055778046,-0.2596105062131376,205617405233.0,329.66,-1.9815844264496492,3.2951393394219037,1.7883272974594786,0.0
14.15,2.89,1.5831376,-0.4646689110456979,0.55,1.2363636,867900000.0,-0.3971743738756115,-0.040429075967050414,11596117445.0,51.94,-0.4715247858833711,0.7315199254302156,-0.4843248377025357,0.0
18.05,3.15,6.839459,0.2717709540174403,2.93,2.7744062,1546846000.0,-0.027354135022528956,0.14610799246812065,17799878487.0,112.09,0.7364784205074612,-0.8205671914929766,-0.14562488939655743,0.0
20.0,4.78,4.055685,0.16584540013906554,0.07,0.0,1726000000.0,0.04277615922721523,-0.4594881469555302,36142506007.0,25.2,0.5776943053718234,-0.49502835714390564,0.4141926145285391,-1.0
22.63,0.8303999999999999,1.4188358,-0.38023292358025085,-6.8744,0.0,0.0,-13.568189479361108,-1.1982611774734464,7066613254.0,55.44,-0.010847452997688894,-0.6212458045882524,-0.8757974750818668,-1.0
20.83,6.75,6.503231,0.6349654220590492,2.65,2.5546863,5170000000.0,0.7448344637658889,-0.41802221636807585,102506501960.0,62.69,0.5401221438070437,0.09193218723645598,1.2381423352293928,0.0
15.94,4.4,6.961893,0.32315381010287714,4.01,2.9488583,7016000000.0,0.9402218156686771,-0.028579557603843803,92791974933.0,229.57,0.03536452646722907,-0.28738859574025866,1.1594460747219313,0.0
37.04,12.36,1.8411398,1.1314796933896432,1.7,1.1216964,1139000000.0,-0.22321937483786788,2.006567702068428,5498033502.0,63.33,-0.43303277130808615,0.7757790692393004,-1.0741787224954462,0.0
26.0,9.31,0.85282737,0.39566165091383865,3.57,1.987685,868096000.0,-0.3970298705854324,-0.15983814495435794,12932483889.0,90.47,-0.5646415390116931,0.9070366930626954,-0.39811521288384044,0.0
14.32,2.44,3.3742425,-0.29815891665929556,1.85,3.0,1613000000.0,-0.0005547987378414913,0.5620394564570805,14175422936.0,32.66,1.0082954511991293,-0.5333865862412329,-0.3255829555019343,0.0
60.55,4.21,8.636729,1.9639202181225297,-0.92,1.0269576,404951000.0,-0.8850085784516011,-0.618682194030998,10808821635.0,23.01,0.14934254765058477,-0.5225859175843472,-0.5398955215752611,0.0
34.09,10.98,5.751737,1.3514315798320091,0.74,0.0,455607000.0,-0.8095821590164627,-0.5510796998932683,10890625200.0,36.82,-0.582804696378284,0.2663572524582249,-0.5339361790807989,-1.0
14.84,7.91,2.3898203,0.07884319132997175,2.89,3.125,1683000000.0,0.02663127736385534,0.7350222275674554,13467193376.0,44.83,-0.21614645970029697,-0.7042162779720238,-0.3660929962236733,0.0
11.85,0.94,1.5931405,-0.7067522389358593,3.45,1.6306564,0.0,-13.568189479361108,-1.1982611774734464,47637260000.0,91.8,0.07363742815963145,0.01372428716466142,0.632455985663056,0.0
12.29,3.03,0.4081934384,-0.6448548176877142,4.04,2.8394227,1913000000.0,0.10860446116090863,0.24582122110824908,20493281175.0,66.63,-0.478036686890912,0.0620796627968015,-0.03425429714585868,0.0
19.44,3.55,0.6913859,-0.33298342063908065,3.97,0.0,1339628000.0,-0.1193944205803703,0.5539298929713476,11827453706.0,64.34,-0.04305654785905028,-0.07568434722882292,-0.4687121581703398,-1.0
17.48,2.0,2.8147783,-0.29408843895085424,3.58,2.6041667,4711000000.0,0.6853374944278698,0.2836176537415634,49180044050.0,66.76,0.3805696596396208,0.06358695365140214,0.6576479271669955,0.0
21.22,5.75,2.0468428,0.06553326550163706,1.26,2.0215108,8136000000.0,1.035000634386463,0.17247054362604883,91822049046.0,145.99,-1.4418210987177784,1.6767661266021012,1.1511408654763826,0.0
35.06,5.15,8.249042,1.1611818901046889,2.27,0.9426963,488406000.0,-0.7650956982292174,-0.6169842507131943,12998295607.0,111.15,-1.1859666890748515,0.9943234300532733,-0.39410320932864495,0.0
15.82,3.74,1.4622321,-0.3501278696847318,1.69,0.0,1652961000.0,0.015106126279822753,0.5725249890355986,14440591731.0,41.92,-0.40693916279940234,0.7071056762886341,-0.3109342780277628,-1.0
12.05,6.91,2.1055017,-0.1306351528954479,2.81,1.3473054,2841000000.0,0.36169077475523365,0.9528442759576967,20431395736.0,51.8,0.37628319570034385,-0.9018108853684208,-0.036644728454799394,0.0
13.27,7.49,5.830071,0.37429034800190314,3.58,0.0,5233000000.0,0.7525854620939236,-0.11773519670565588,74921079154.0,91.02,-0.580830913660967,-0.9087237806768547,0.9903614892804871,-1.0
19.12,2.58,0.5028663,-0.44779496643809263,3.23,0.0,2063000000.0,0.1569127254903525,0.5735354468162551,18012494506.0,100.36,-0.9934836663765733,1.3810160031182892,-0.13623975045466374,-1.0
19.73,3.21,1.6262617,-0.24846147639517552,1.0,4.2109256,2337000000.0,0.23671781651023002,1.983669954626404,11362043297.0,25.85,1.0467648042779267,-0.7743591835727031,-0.5004425770809205,0.0
8.35,1.39,1.4795984,-0.7961461965329927,1.16,6.323142971999997,5577000000.0,0.7933281609712657,3.532500408678172,18237196861.0,16.2,-1.7942897659237367,0.11055646273216932,-0.12644075414477804,0.0
27.09,4.62,5.5560412,0.5529644875195907,1.84,0.0,1523440000.0,-0.037111379000336855,-0.0814070264465488,21101697598.0,61.22,-0.08408197496782172,-0.038483074261473335,-0.011130256819455795,-1.0
-53.6096,2.81,3.0044448,-2.5467828993253363,-1.2,3.0395136,711000000.0,-0.5247813469614407,-0.0038864663154630492,9209106695.0,37.46,-1.0651299749601257,1.1887202312198974,-0.6664924785366714,0.0
29.82,4.51,7.949615,0.900161507936274,1.61,0.76878726,0.0,-13.568189479361108,-1.1982611774734464,69750188843.0,48.9,-0.34700160365986416,0.4563440508612117,0.9338364594980078,0.0
162.92,2.27,2.1208634,4.445974047980466,23.67119999999998,0.0,14694000000.0,1.4132961271981166,1.4233300292955935,86708878113.0,348.65,0.38850262211767317,-0.29627310758747427,1.1058544069586906,-1.0
4.7,1.84,0.4081934384,-0.9971925824136013,-6.44,0.0,1470000000.0,-0.05996275827506429,4.177333016232183,4230379820.88,12.8328,-0.6477763400756906,0.042100078514379004,-1.2813395300096442,-1.0
27.52,1.71,1.6489863,-0.11790074018815763,4.85,3.885853,28877000000.0,1.84564467349567,0.8417777972950785,218978820159.0,112.3,0.4819841270144921,-0.4418876930567529,1.838088682523847,0.0
45.86,6.11,2.5523853,0.964970065317455,0.8,0.0,401293000.0,-0.8908155616235325,-0.39048662346148677,7685283970.0,266.01,-1.3979099654420397,-0.7820184241610306,-0.809463012783425,-1.0
17.5,1.35,2.0985637,-0.4290109621280386,8.2,1.9251627,0.0,-13.568189479361108,-1.1982611774734464,68424670566.0,140.39,0.9579305155830271,-0.5092497604911389,0.9186714483967676,0.0
24.42,6.28,3.1682448,0.34143608125755537,2.92,1.8366054,868000000.0,-0.39710064363012565,-0.06404836570264116,11838963451.0,47.38,0.730169203905849,-0.4360723498973256,-0.4679433713285974,0.0
18.11,3.39,1.550762,-0.2948222906402919,7.2,0.020466639,0.0,-13.568189479361108,-1.1982611774734464,47680910480.0,189.27,-0.6281850857238661,0.5279795268173108,0.6331798981649418,0.0
26.37,4.28,7.556446,0.7228956032048308,-4.64,0.30214334,1061056000.0,-0.2685823090412488,0.42869238021352984,10089082025.0,100.19,-0.37929163968732066,-0.34228200733987996,-0.5943604836576086,0.0
27.48,1.6,2.756679,-0.00526205103515987,3.55,2.918904,0.0,-13.568189479361108,-1.1982611774734464,11916533018.0,70.34,1.0045242142962285,-0.703406823696764,-0.46278156720477315,0.0
32.75,6.53,2.7614057,0.5921573129565294,4.38,1.0344827,1097295000.0,-0.2470908782185732,-0.18033515513227913,16676145923.0,149.32,-0.277069216063723,0.44133962654051645,-0.19716820807488541,0.0
17.87,3.07,5.484418,0.10801619799332532,1.91,2.8755577,15447000000.0,1.4452775719291617,0.0,199425716482.0,38.77,0.012979805279542522,0.2980465761834355,1.764160761240915,0.0
13.48,0.9,2.1857586,-0.5904365539879445,-3.1,1.7068943,0.0,-13.568189479361108,-1.1982611774734464,192709302000.0,71.87,-0.07130262226564454,0.310992638619832,1.7370827317682382,0.0
16.04,1.08,3.3917346,-0.35625147968396614,3.27,1.9625335,0.0,-13.568189479361108,-1.1982611774734464,22008050974.0,42.19,-0.404393780498794,0.5499225684527572,0.02210957280768255,0.0
20.37,6.73,4.7538714,0.4232032248607025,-0.24,0.0,810268000.0,-0.4411456894365623,-0.24859569941257262,13199167493.0,84.53,0.5288668849420685,-0.20768086402703095,-0.3819821339535536,-1.0
32.15,2.51,14.881806,1.5775528863189487,11.94,3.6828613,2851800000.0,0.3641188868543536,-0.38763111443450565,54423298745.0,153.04,-0.002540562298303348,0.5253440488712715,0.7377181615940677,0.0
21.42,2.65,2.4711676,-0.14669779108004374,1.99,3.3918407,2099000000.0,0.1679835926328129,1.5364113652857425,11873960824.0,41.77,0.8099611744343845,-0.7592461494499482,-0.46561032497332844,0.0
22.8,8.65,6.822138,0.8985202487513918,1.49,3.3213644,8589000000.0,1.0696750134817958,-0.49840580764714404,189855335601.0,43.1,0.9645433877289289,-0.5373390754454099,1.7252897178870883,0.0
22.44,3.94,3.9678397,0.16438683404298762,2.54,1.0454783,2946000000.0,0.38491567537462157,-0.18818251757017043,45119684067.0,75.16,-0.11022148753281387,0.6865539910214826,0.5895403504885937,0.0
24.02,205.0419999999998,4.000737,17.482106480965793,2.28,2.2801766,4064000000.0,0.5907973190756487,-0.17792293198224973,61616643498.0,68.95,1.1467009240117954,-0.6634524522011501,0.8358372085925764,0.0
18.54,2.65,2.1797748,-0.27409401549302553,4.74,1.8929017,28675000000.0,1.8411524317907608,1.1805866601402006,186476996883.0,38.19,0.674513711803383,-0.42981146428030365,1.7110986183698504,0.0
18.89,1.96,4.905472,-0.018135937983530585,4.13,1.2823253,0.0,-13.568189479361108,-1.1982611774734464,16274969256.0,89.18,-0.4127060103319447,0.7680270735995063,-0.21641506106284256,0.0
18.2,3.86,1.8294994,-0.22046031569051652,1.46,2.3683476,1281200000.0,-0.14793250697758475,0.18007472626934645,14379717835.0,35.49,0.5261125669775755,-0.40744297263493084,-0.31427319656448144,0.0
84.39,2.61,12.271951,3.017398846135262,-6.8744,0.0,2151190000.0,0.1837006473226432,0.312907126001431,22021882339.0,140.09,-0.3900803165201701,0.44265151982206713,0.02260615340844398,-1.0
72.93,2.16,2.0764177,1.465208487595411,-0.65,2.049254,5328000000.0,0.7640987843303793,0.06045471947314533,65482462410.0,53.24,-0.12129283497357339,0.22753155954310095,0.8839328488142374,0.0
18.64,1.58,2.960244,-0.2756972650657696,4.1,3.8001595,4288000000.0,0.6251319259099318,1.6443731857456094,23335777662.0,74.73,0.8259282528826618,-0.7109718224769326,0.06841025449051642,0.0
30.92,5.14,5.145596,0.6781248662147799,8.71,0.9712818,3033300000.0,0.40360377519838164,-0.07289375504607197,41697453163.0,208.73,-0.33338437896179235,0.6889887323574436,0.5271953457493018,0.0
16.45,1.71,2.544682,-0.3830226869233212,-0.78,2.0791416,2970000000.0,0.3901079283252671,0.5853953475843857,25759280346.0,28.45,0.3528566565429441,-0.4977595955615268,0.14650675567706584,0.0
30.69,7.24,0.61203885,0.3457530453392361,6.09,1.0917627,5679000000.0,0.8049265683413658,-0.10609338431867579,80439804508.0,178.61,0.3597617388134243,-0.052842262707383826,1.046537718628488,0.0
24.64,1.37,2.0061796,-0.2022276638939498,-0.63,2.860412,211400000.0,-1.3009796180698943,-0.94863776830203,13101112504.0,19.96,-0.2536174115201876,0.8051114940748788,-0.3878757800850571,0.0
21.45,3.54,10.125291,0.7833713010779627,1.02,3.862069,2292600000.0,0.22444276850612918,-0.3955462070071813,44183023189.0,103.81,0.40429453649697594,-0.03882763107378523,0.5729595152616586,0.0
15.12,11.37,1.3324839,0.26727912666087,1.83,1.275917,543000000.0,-0.6972860122285716,0.43776431582072395,5134501276.0,30.85,0.8306483067800046,-0.3131276814483178,-1.128247697854481,0.0
21.94,4.27,4.216355,0.20391645914585793,6.07,1.5102888,5003000000.0,0.7238220073245054,0.4366194897312429,47340511707.0,50.47,0.4060162368501333,-0.37537657982586403,0.6275169701860752,0.0
16.83,3.89,1.9406168,-0.2506662918854611,8.23,2.5008683,2924000000.0,0.38011881589912305,0.3795311174250641,28669230787.0,165.73,0.2830864843928106,-0.20930614618208487,0.23110204178049812,0.0
12.36,2.13,0.549852,-0.7040195350920045,4.91,2.6899798,11704000000.0,1.2677039053319794,1.2055170119431273,75323141722.0,70.55,0.6793673224918337,-0.5776258615421238,0.9945917742453692,0.0
16.32,2.17,1.1931022,-0.4983917631426826,2.73,1.0801469,1691000000.0,0.029665979744837298,0.30595657620104066,17390873686.0,44.55,-1.210643857305082,1.2731722874002749,-0.163998399537459,0.0
22.87,2.65,3.688278,0.03668771416639525,3.53,0.5879265,4339800000.0,0.632816243252291,-0.18642602263513278,66351150000.0,92.16,0.38286590488761973,-0.14926353140171889,0.8943492205670691,0.0
22.72,5.89,1.5278828,0.06918223272355367,3.81,2.6503997,997600000.0,-0.30804592655287993,0.11566180778865974,11745595320.0,91.33,0.09037776513659561,0.2849116732687452,-0.4742015203321938,0.0
20.55,2.79,1.1451397,-0.3110810223383709,4.3,0.0,2252294000.0,0.2130919361181391,1.3477665711997024,13685178000.0,71.91,-0.42584881713244743,0.6740223376463491,-0.3534018704795602,-1.0
23.14,5.31,2.3746448,0.12757249481054192,6.64,1.4866204,4053300000.0,0.5891102113458752,0.003278206018347052,52186628646.0,153.66,-0.6618204769008211,0.960298888872503,0.7045485232251352,0.0
10.37,2.67,0.91792434,-0.6822606526227175,4.94,2.2655525,8348000000.0,1.05146206533239,2.1653986450402587,38393603535.0,51.23,0.125512734651416,-0.13973738273417735,0.4619491053640093,0.0
22.65,1.8,4.626262,0.06096778808161899,1.99,0.60034305,-371216000.0,-13.568189479361108,-1.6271235650413078,13390513478.0,56.85,0.4474681867945408,-0.49451479811578697,-0.370606216160994,0.0
23.93,2.85,2.0660408,-0.09192436649799886,-6.8744,0.6528836,3723000000.0,0.5347141655382485,1.7832285437151723,19317380000.0,34.94,-0.7499243314923455,0.039416509007428754,-0.08096006358336105,0.0
16.55,2.32,12.434961,0.7744319160913048,2.19,3.5710857,1260662000.0,-0.1582740659976317,-0.2869765126138496,21400952517.0,98.96,0.7073799346627724,-0.9146927320271685,0.0,0.0
12.13,2.52,2.3610325,-0.47635542027870253,5.41,1.8269607,0.0,-13.568189479361108,-1.1982611774734464,27433540000.0,72.4,-0.022870016070907113,0.22533255180858017,0.19627885901119912,0.0
11.0,1.5,1.804088,-0.6632024314006371,1.96,0.0,2100000000.0,0.16828839933798542,2.508695275616274,8763756733.0,22.87,-1.3857859678998772,0.9213622787609016,-0.7056707954896544,-1.0
10.37,1.43,1.7147918,-0.6999257104585304,1.96,0.0,2100000000.0,0.16828839933798542,2.7062870319992127,8320262123.0,21.58,-1.5029164384170972,0.9594197496645696,-0.7467165846922285,-1.0
16.09,3.76,1.8521843,-0.29606953594943497,3.06,0.0,2754331000.0,0.34186440862542783,0.8275978108296017,21032719056.0,43.77,-0.5187216028780904,-0.7050601147564899,-0.013718172569113205,-1.0
21.18,4.53,1.5283886,-0.09826317116511894,4.43,1.0625255,2457604000.0,0.2689189362346654,0.2320643685647496,26580644874.0,95.1,-0.6397297725513975,0.9673014179881876,0.17131586773328963,0.0
26.66,4.08,1.6097589,0.05281422005027694,3.77,0.0,2430300000.0,0.26176938952594586,0.2965615999901615,25151198417.0,101.58,-1.1180535807926348,1.3992367203201463,0.12762474275074984,-1.0
20.42,2.96,3.7954214,-0.005527062789528834,4.91,4.5281997,6428000000.0,0.8842078450610169,0.8933095981181334,47543571860.0,73.31,1.058616488629116,-0.7308514687400522,0.630899991434256,0.0
23.87,3.59,1.986176,-0.03927996569618794,5.15,1.8815053,1513291000.0,-0.041388868275716015,0.3056282674428187,15566645713.0,96.2,-0.0972021895475229,0.2858219042044319,-0.2515857571129495,0.0
49.43,1.54,2.6922395,0.7059546432259726,1.59,2.1529746,5250000000.0,0.7546610163916931,-0.7066417284224759,165203312427.0,68.21,0.9890854298282631,-0.5617065071676265,1.6153576203147997,0.0
26.57,9.99,4.2149186,0.847363847640574,4.54,1.9661016,1507000000.0,-0.044054756323251544,-0.09908954176468104,21209783858.0,116.93,-0.37419960719011086,0.8181939321170106,-0.007092074494996053,0.0
19.12,1.95,1.9091922,-0.34520456953238754,4.82,3.5559585,2790000000.0,0.35009854695131415,1.2254215198658298,17808073691.0,98.49,0.9631315315284962,-0.7472747656132706,-0.14526107029321478,0.0
16.7,1.27,2.9348857,-0.36908057767224384,3.12,4.7849464,9895000000.0,1.1602570055468668,1.741069559269277,52078185682.0,74.32,0.7059060709930128,-0.7510498086277987,0.7029043919808622,0.0
19.77,1.94,16.077257,1.253715279647203,0.88,3.1533308,529483000.0,-0.7134178288401798,-0.2916976013194425,9035293365.0,24.52,0.9109440337681116,-0.8631015929056396,-0.6815529772645227,0.0
79.93,2.26,1.9598055,1.6915448075675188,-0.89,0.7493755,1628000000.0,0.005368801088908997,-0.27938769621464427,27408621020.0,91.92,-0.36618870561540684,0.6215536638315221,0.19556058781213373,0.0
22.14,2.15,5.689136,0.19260577938317697,2.15,0.0,0.0,-13.568189479361108,-1.1982611774734464,13754977266.0,48.48,-1.0136487215980567,1.21820404242082,-0.34938083459678054,-1.0
12.28,2.78,1.4904785,-0.5460748582911514,10.12,2.2630835,2152000000.0,0.18394156290160296,1.1417751706705166,14226830813.0,93.57,0.2020046286374064,0.11035634148947705,-0.3227217433494139,0.0
17.08,2.17,1.8161736,-0.4039281581286896,6.68,2.9404557,4253000000.0,0.6198870872096318,0.6312825872645405,35961772000.0,79.41,0.5368274254305596,-0.24529861314036175,0.41023026780996474,0.0
24.86,3.8,4.6720185,0.3105879730257389,-1.07,0.0,2941000000.0,0.3838286330451224,-0.1693041534221268,44216696399.0,41.02,-0.2051201991129912,0.3358190380668638,0.5735616675944244,-1.0
28.08,5.28,3.7360687,0.4395018213672581,4.14,1.2319711,2848600000.0,0.36340040620573866,-0.052464341307178426,38460272282.0,127.76,1.1533748150327288,-0.5514438298350492,0.4633203954882225,0.0
13.23,1.59,2.161095,-0.5421975063294886,3.96,4.0542803,4284000000.0,0.6245346867946574,2.2095095587180307,19447670886.0,58.07,0.0,-0.8763234752546992,-0.07564696303200236,0.0
32.57,8.48,7.8283277,1.3180715725587586,2.88,0.0,1156700000.0,-0.2133511935200393,-0.5463134490878101,27447099863.0,123.78,-0.4767118594640325,0.7481026328820244,0.196669437989547,-1.0
34.48,8.54,7.4415817,1.3430974784312457,3.07,0.0,1560000000.0,-0.021935235621497608,-0.5613396989231582,37890226992.0,116.54,-0.6639850972791131,0.9364777447797161,0.45151777966570056,-1.0
25.74,5.01,3.6707752,0.33191777879049733,2.35,2.813225,2542000000.0,0.2905261065745332,-0.30533861615449015,44040298425.0,66.4,0.454766663733015,-0.1386631775990614,0.5704021719838814,0.0
10.65,1.54,1.5543115,-0.6991317532254739,-3.26,4.892126,880700000.0,-0.38780527902885525,-0.15957234733630363,13116894887.0,72.02,0.6843115544384627,-0.6889665566496688,-0.3869241992864292,0.0
10.91,0.8303999999999999,1.227099,-0.7879233038114701,-0.48,0.0,827200000.0,-0.42791077005736045,1.8266990381954624,4230379820.88,35.34,-2.982813167900211,1.1510658520711843,-1.2813395300096442,-1.0
200.0692,4.55,8.02302,6.523756971343391,-1.98,0.63339007,3692749000.0,0.5294931197054765,-0.2642712367850426,61164030149.0,101.04,-0.12379254650819367,0.11639635852417354,0.8300098460949571,0.0
53.16,2.15,6.4987307,1.305319538727373,-2.69,0.2518363,1518305000.0,-0.03927204899274593,0.6601452089178901,12638828950.0,46.25,-0.07869906834517448,-0.9045044161374778,-0.41626937031224936,0.0
19.03,4.59,5.6338058,0.293367892426816,4.04,1.3265306,1141200000.0,-0.22198450763305916,0.051924508482956495,14121334618.0,114.0,-0.6897559818273281,0.21509708176697304,-0.32860457693344336,0.0
23.06,5.14,10.639136,1.0310247506645696,1.77,1.8775817,1687152000.0,0.02820808407095259,-0.41526848009877426,33333813618.0,409.98,0.20359561778128377,-0.2882391853912191,0.35025199318679195,0.0
17.6,2.09,8.593619,0.3613674199171508,1.63,3.5437918,1710686000.0,0.03707291399148263,0.06642505714633473,20925508143.0,55.26,0.7167849337958099,-0.8873189464751741,-0.017757374172521673,0.0
18.66,2.3,14.1830845,1.0370124659053075,6.27,3.2138102,1237886000.0,-0.16994141447599503,0.1331242937610615,14383525286.0,218.28,0.6912861381269568,-0.7478056916811403,-0.31406394476857896,0.0
37.78,10.82,3.9522583,1.2588667597037353,3.35,1.1283498,2478000000.0,0.2742079847510436,-0.4245031173556893,49543264457.0,131.46,-0.9121022103344957,1.649306586937866,0.6634639381728138,0.0
27.24,1.16,2.0991988,-0.12418616162443953,23.67119999999998,2.1078234,0.0,-13.568189479361108,-1.1982611774734464,10131892523.0,241.06,0.3826896859886479,-0.20042231850998465,-0.5910137467975998,0.0
18.22,1.68,3.1134193,-0.2638941345457866,2.96,3.3397784,2738713000.0,0.3382253932220572,1.15189272488205,18027633617.0,56.11,1.0208028179145592,-0.7615178596915099,-0.13557572184199504,0.0
14.51,1.26,1.3933871,-0.6138548569810313,1.23,3.8174274,8548000000.0,1.0666129071209771,2.608783757845022,34734816899.0,35.98,0.5954661844140157,-0.5012467453877408,0.3827926412373867,0.0
30.99,4.14,2.5074897,0.3007048415998399,1.81,0.92785895,1481458000.0,-0.05499403540173065,-0.036216142908788135,19722178609.0,123.03,0.10209863706338433,-0.5652890392199594,-0.06456842391557398,0.0
25.26,5.55,2.190319,0.19752138073202732,2.36,1.3520038,721643000.0,-0.5152730124519609,-0.18711217007337624,11040678071.0,60.36,0.5082428057537298,-0.17107366672913696,-0.5231203611853985,0.0
10.72,2.65,0.57588416,-0.7105442081616449,5.39,0.0,7309300000.0,0.9664301497464317,1.4654682695643777,42449656350.0,73.35,-0.2859358630455807,0.4505892498012587,0.5413265852121009,-1.0
18.12,4.54,12.204818,0.9911038923697563,2.92,3.879632,717468000.0,-0.5189860880190048,-0.10297014803545215,10133547517.0,77.56,0.7933278307616005,-0.47396642992304183,-0.5908846507021912,0.0
21.37,1.85,1.7701944,-0.29510536050046393,1.88,4.0031195,34156879999.99997,1.9531027816599529,0.42187342888377616,326148660000.0,76.07,1.1557903901604778,-0.8274957601446188,2.1529638221834846,0.0
21.21,6.86,4.1203604,0.39147678904624883,6.51,0.0,629940000.0,-0.6022449115568342,-0.08379135676835289,8744185796.0,137.25,0.48805338469342985,-0.026011049296345064,-0.7074378478081823,-1.0
27.9,7.08,13.241967,1.6470517856119435,5.39,0.0,23624000000.0,1.717155722905894,-0.49266934205552276,517950659552.9572,171.58,-0.20974868888504603,0.3733718162052998,2.5185413819517013,-1.0
27.02,7.39,3.472977,0.5563675653359687,2.01,2.7798648,1009600000.0,-0.3003940817196913,-0.178205921284772,15311373377.0,52.15,-0.12978713190770624,0.4347874484360207,-0.2646545939625805,0.0
18.35,3.98,12.898601,1.0279056749690925,3.5,3.5925992,540767000.0,-0.6999230952160858,-0.16257355090601247,8077368506.0,108.11,0.46004719120985255,-0.8889744888964033,-0.7701340286955188,0.0
19.45,3.9,1.0751684,-0.2598566984722569,11.07,0.7963368,8062000000.0,1.0291534911943605,0.655450661244562,67280478816.0,239.27,-0.3056508375592073,0.425197007924296,0.9053428188653625,0.0
22.08,3.25,4.7038417,0.17528472580415297,1.72,1.322724,2782000000.0,0.34826095296651033,0.13381596331228154,32308459680.0,92.74,0.34805882424127266,-0.036948560784117575,0.3255576069164004,0.0
16.9,1.46,2.8802848,-0.3522615500034258,2.85,1.9789734,0.0,-13.568189479361108,-1.1982611774734464,22437653700.0,31.1,-0.16177616364322667,0.5563372193948837,0.03738957718242493,0.0
11.18,2.19,1.2994481,-0.6542595051156754,-6.8744,4.673807,-371216000.0,-13.568189479361108,-1.6172496589145255,13706075072.0,30.64,0.6946618753157917,-0.43394590434582014,-0.3521958731570153,0.0
27.32,11.54,6.518713,1.2617810735792339,4.14,0.0,1911000000.0,0.10793506605240195,-0.10003680144140456,26918949723.0,133.05,0.24982153649988587,0.19968742351869828,0.18131209775644722,-1.0
25.53,3.52,5.137961,0.36054605565756115,1.21,1.2396694,375267000.0,-0.9337262491257584,-0.3326935000142825,6706992926.0,46.46,-0.5231235176447305,0.7030576785914672,-0.9170801669009964,0.0
26.17,3.15,2.0803037,0.009253532298836888,1.12,1.8291216,463066000.0,-0.7991901484326361,0.1215164552067558,5427884956.0,40.82,0.13951678842448934,-0.4696755971815727,-1.0843281000125888,0.0
19.9,2.4,0.5516402,-0.43210067890001375,1.99,1.4726508,709756000.0,-0.5259020005211986,0.1779248362737833,7978485059.0,55.31,-0.851713428278282,1.1783155542929091,-0.7798697562109073,0.0
32.48,5.26,6.0089035,0.8360223858658234,1.56,0.785995,557800000.0,-0.6800772415700547,-0.43285766141111404,11273961835.0,80.87,-1.0384104700431491,0.9225780112003555,-0.5065937741866346,0.0
9.5,3.4,1.0362948,-0.6350911145641533,4.91,2.5827951,957000000.0,-0.33463486465860826,1.3459085968327582,5819080328.0,45.88,-2.6728337861613394,1.670055031213448,-1.0293225762998608,0.0
5.89,1.26,0.4081934384,-1.0077515953870948,1.9,6.323142971999997,9281000000.0,1.119262163619203,2.1868324243988533,42414328338.0,12.8328,-0.6477763400756906,0.042100078514379004,0.5406685206174756,0.0
25.05,7.17,5.1682673,0.6614045245803761,2.46,0.39057052,1508300000.0,-0.04350295436893569,-0.2618013670711411,24916503061.0,69.14,0.08681225674447446,0.22780619972629562,0.12021466536045756,0.0
20.27,3.76,1.8434572,-0.15925493662979243,3.04,1.2618296,814500000.0,-0.4378119959485747,0.11097003655213054,9624169008.0,62.44,0.35995957176205823,-0.29929601718993476,-0.6316482794332566,0.0
12.67,1.83,3.399101,-0.4021396710069369,3.0,2.332657,2711300000.0,0.33178765855211056,0.7293675651565493,21759187973.0,38.0,0.5663339749931098,-0.7197735200379111,0.013121044611191736,0.0
14.67,3.66,1.6538345,-0.37355777015623626,1.24,1.1198208,5347000000.0,0.7663767992223233,2.0011603165953766,25853969330.0,17.16,-1.2513699949370447,1.4202771743151994,0.14940684557596054,0.0
15.35,3.93,1.1289738,-0.38643730560416545,1.69,2.8203557,1959000000.0,0.12381040208873528,1.1909194231710247,12684517721.0,31.17,-0.9095343620402151,1.1353078506220462,-0.4134172912032011,0.0
21.23,3.14,5.319881,0.20645188222525931,2.69,3.2339885,736798000.0,-0.5019729680612693,-0.23560084636772624,11840331607.0,61.13,0.3295726211517568,0.23054625822623764,-0.4678520358368224,0.0
36.86,13.47,4.894499,1.5609758495905914,2.31,0.0,234935000.0,-1.2334294196634286,-0.8626198976868016,10828314389.0,114.26,-0.12307556264829081,-0.15182986784987618,-0.5384714026268946,-1.0
20.71,5.45,2.0481362,0.02311497213616316,9.55,1.5631542,4618000000.0,0.6725780247052681,-0.0851460746666697,64180390701.0,206.05,0.6916201504174274,-0.28961452338914845,0.8680581077976113,0.0
13.76,1.7,1.0887611,-0.63474510815799,-0.72,3.147541,-206000000.0,-13.568189479361108,-1.2223581428697612,132249296250.0,14.45,-1.761236586144145,-0.9004507493699379,1.4395046799239954,0.0
13.86,2.57,16.184554639999998,1.124932291898519,1.34,4.005462,1740540000.0,0.04814451290578529,0.08277911705356701,21018887283.0,21.62,0.2155012693051465,-0.22595858303229877,-0.014238130251331074,0.0
17.53,7.26,2.0389178,0.07262935294365491,2.77,3.5864594,3107600000.0,0.4190901000466169,0.34762588404605116,31098243069.0,53.99,0.5849243966984786,-0.4730563452091979,0.2953821811647535,0.0
6.58,1.33,0.5633218,-0.9617166747038132,6.0,3.5857513,23541000000.0,1.7149034081351207,4.7198057184907745,61536606173.0,40.75,-0.17380810440287017,0.2965004850794487,0.834809856118764,0.0
21.17,4.33,1.212236,-0.15098024574338323,4.6,2.7198548,1201517000.0,-0.18902457792501828,0.07884337113538588,14554321748.0,96.31,0.28666701005172446,0.009189043773531412,-0.3047337562821949,0.0
8.16,4.12,5.2087464,-0.15263960705267549,9.95,2.754954,17590000000.0,1.5284160727531444,1.3188432970022836,108106822109.0,78.22,0.05780953163195706,0.09387214186452424,1.2801861506844199,0.0
27.86,4.73,5.775833,0.6122735947759571,1.58,0.037622273,960345000.0,-0.3324019779936307,-0.3202201140989201,16920023264.0,100.59,-0.23252321833289152,0.4542564401168124,-0.18569296111508127,0.0
12.44,1.25,2.309415,-0.5808999440753625,8.61,1.1668612,0.0,-13.568189479361108,-1.1982611774734464,96978500251.0,246.35,0.4791424110300666,-0.11592840930261951,1.1943254154679654,0.0
9.92,1.65,0.72725976,-0.8058882347116727,4.74,1.6731402,2044000000.0,0.15099162571629232,2.637057698329167,8244568238.0,30.75,0.5486879062478891,-0.5546990425205474,-0.7539401157923238,0.0
22.57,8.1,1.3995146,0.23963679791366668,10.02,1.9700643,1279846000.0,-0.14860916885358097,0.15420266902346902,14639308205.0,258.6,-1.4543455908222254,1.889802151055576,-0.30013187327876334,0.0
38.86,4.74,2.1424224,0.5709593124565664,-0.53,1.4489837,2910000000.0,0.37704744102263105,-0.15995198121448725,43356557470.0,47.41,-0.3527947079535787,0.15451148766507514,0.5580348016266331,0.0
10.04,6.17,1.6339768,-0.31293966020515374,1.41,2.7322404,926153000.0,-0.3556018773261201,0.5912774794213517,8006268615.0,19.57,0.2346677899551439,-0.6843892891654609,-0.7771221465169719,0.0
13.7,4.31,1.66195,-0.34883415264655643,2.98,3.0218647,1058817000.0,-0.269934116362711,0.8093293739570189,8158949890.0,47.54,-0.019804846455062492,-0.5526779148174971,-0.762191114244278,0.0
26.38,5.88,2.9516637,0.3475819053544422,4.43,1.4922442,1368000000.0,-0.10598261549149876,-0.03166668284652584,18140726600.0,149.84,-0.4440679526561439,0.9550665766072067,-0.13063283149516614,0.0
14.34,1.15,1.3939538,-0.6288375547154985,2.27,1.7901897,0.0,-13.568189479361108,-1.1982611774734464,19926305632.0,53.34,0.6153832015029029,-0.2152164961141844,-0.05642980954575131,0.0
20.57,5.82,3.2375681,0.18276495682162736,4.34,2.2304833,1028425000.0,-0.28857161194938735,0.051313002395749416,12732072001.0,96.48,0.40835610551558843,-0.4325917680549296,-0.4104596495114064,0.0
14.07,3.4,0.7251921,-0.5191060814736322,5.94,1.4227642,8202000000.0,1.0401709587447874,2.4849870036632558,34449052800.0,95.97,-0.3028808135848761,0.5878761990225598,0.3762631700860112,0.0
10.99,1.97,8.127109,0.08120903749913032,1.33,6.323142971999997,1412684000.0,-0.0854138524865125,0.79431882695697,10967755538.0,22.64,-0.21687772854827347,-0.8571060753241072,-0.5283581371911487,0.0
-53.6096,1.62,3.7385862,-2.5671439262671787,-1.2,4.1499925,483673000.0,-0.7713274300792222,-0.1795897328756455,7345243806.0,64.87,-1.123087192264682,1.3622039420671512,-0.8452316847884203,0.0
19.85,3.74,1.262194,-0.23957021870618245,3.1,0.0,1033985000.0,-0.2851211978438509,0.19838025838190632,11452961984.0,70.85,-0.05119049268876329,-0.48154481197088284,-0.49414305501798933,-1.0
-9.33,1.08,3.780475,-1.149225257884322,-6.8744,2.2670596,-371216000.0,-13.568189479361108,-1.6079810916968753,14016129999.0,43.0,-0.26209925454842725,-0.20076480531114657,-0.3345150819537811,0.0
11.57,1.06,1.4609766,-0.7204048843307874,0.21,1.9280206,3683000000.0,0.5278014149225272,1.0990693714213524,24800859640.0,15.04,-1.4921819619023136,-0.12242419408789017,0.11653772698259968,0.0
36.42,17.67,3.7628453,1.7809183756886493,1.05,0.7315289,2815000000.0,0.35580725265399993,0.4611846907781855,26242415796.0,78.66,-0.5628703066086067,0.8386431544648019,0.16119387464594687,0.0
19.21,4.0,4.80335,0.1561430113892404,2.64,0.0,1561000000.0,-0.02152514802956777,0.9614296360962916,11181493750.0,38.8,0.46717741931725215,-0.4828201154217801,-0.5131032372707386,-1.0
28.1,84.08,2.8964398,7.110572572716488,6.46,1.8610487,16513000000.0,1.4879828885358148,-0.05466457963096897,223378633329.0,181.22,-0.3594504319319556,0.49125098401871653,1.8538121355962367,0.0
20.68,5.71,2.8267899,0.1311873161704668,2.08,1.9710299,8333000000.0,1.050311159802516,-0.07163533051861452,114422168609.0,146.02,0.14002051471707797,0.08192879944142611,1.3250606838039327,0.0
20.39,3.49,2.5174792,-0.10338783793931072,1.57,2.2907758,1422305000.0,-0.08107034187828854,0.07075419914479637,17338613096.0,32.21,0.6150334522861901,-0.49226426611434315,-0.16637715057896488,0.0
11.23,2.02,3.5549128,-0.41594012796590984,1.02,4.1131105,1547000000.0,-0.02729042725133522,0.4642927307772381,14394715334.0,18.75,0.7627728496998901,-0.4774695726833528,-0.31344927698294867,0.0
12.07,0.8303999999999999,0.8954903,-0.786627716507882,1.49,2.6270628,3700000000.0,0.5307484628815667,0.4420391234547422,34895294088.0,19.92,-0.5203564140597359,0.3685601934030155,0.3864358974211785,0.0
22.39,3.33,0.9256895,-0.22852373623110503,4.06,0.6040015,0.0,-13.568189479361108,-1.1982611774734464,36973617235.0,262.37,-0.47530092598251344,0.7499712450781186,0.43216217356992037,0.0
15.41,1.72,3.5112102,-0.30877294314813647,1.0,2.8132992,0.0,-13.568189479361108,-1.1982611774734464,16766497291.0,15.1,0.07958867955013728,0.16307260460092077,-0.19289742105215832,0.0
18.75,6.04,1.8924941,-0.008188283182064836,12.15,1.2264713,1107000000.0,-0.24145581214043776,0.41303155621723253,10628247899.0,225.37,0.14946160292050686,0.10161121379924766,-0.5532114716932923,0.0
53.57,196.21,7.97525,18.14083110541561,2.94,0.0,478307000.0,-0.7784667938648792,-0.7184950095204581,15422885020.0,169.28,0.022960139669436257,0.0,-0.25891908314881423,-1.0
26.19,2.24,5.0604,0.26379017633123103,1.0,0.0,1018900000.0,-0.2945261998522164,-0.32107962300586584,17969275816.0,43.73,0.5045729940386617,-0.1930206859405624,-0.13813847516065034,-1.0
23.62,10.99,3.9286149,0.8040640271533487,4.86,1.9089574,3924000000.0,0.568363416170966,-0.11415186151541921,55994378108.0,156.15,0.014272384876087509,0.12390745617391184,0.7602118953061616,0.0
52.25,10.89,11.713953,2.606524080359972,4.92,0.0,1192000000.0,-0.19411362214196054,-0.627273441524395,32295200000.0,209.54,-0.5509868755504868,0.4974255949214524,0.3252331562657629,-1.0
-53.6096,10.25,16.184554639999998,-0.4398645557863596,0.54,0.0,-81686000.0,-13.568189479361108,-1.267614113043172,18220961259.0,83.92,-1.2185285633643863,-0.8425713445292965,-0.12714471161477778,-1.0
19.38,3.34,1.6147361,-0.250123828666028,5.07,1.9739007,1987100000.0,0.13292454757750552,0.15085889844388858,22785450609.0,87.6,0.6790494118156141,-0.2842557962074231,0.04954714302856577,0.0
12.32,3.34,3.348876,-0.2896582922069221,1.98,2.6548672,26247000000.0,1.784534254475367,0.7212201277287421,211536000000.0,42.75,-0.40311244784124617,0.3365977508359658,1.8107570600779719,0.0
22.95,2.62,9.619987,0.6975544588402869,2.37,5.4298644,3103000000.0,0.4181421297379009,-0.03800810115961311,41373051167.0,67.0,0.32487132848722167,-0.09821380035156736,0.5210221279596494,0.0
10.67,7.7,1.817167,-0.1404345159336441,6.11,3.8999026,16557000000.0,1.4896857884393653,0.6000279547168522,142433003505.0,147.59,0.4439205757534692,-0.5812621618290009,1.4981383464746052,0.0
15.57,4.99,1.0738261,-0.2943418205567218,5.14,3.206751,3004000000.0,0.3973922442123137,0.7011785770284756,24465996443.0,56.05,0.2851088613270909,-0.29968411200805106,0.10579308426352135,0.0
15.46,4.01,1.4712903,-0.3378096108170536,1.49,3.3802817,1074900000.0,-0.2602867482043651,0.8106677071625816,8277363031.0,21.34,0.05554734356636803,-0.15294516891692758,-0.7508023727596099,0.0
24.17,6.34,4.4208813,0.47789178195923093,5.05,1.9341276,699963000.0,-0.534793204421911,-0.23744985460878196,11270040447.0,138.0,0.2687417310066346,-0.06970801239590181,-0.5068687417852825,0.0
40.52,33.5,9.633731,3.928895227615794,3.72,0.96720195,1654000000.0,0.015508247388693523,-0.577719510647718,41233771565.0,152.75,-0.38369375486768065,0.6561462053721945,0.5183568363571273,0.0
48.58,9.48,14.655261,2.6921864021233843,5.67,0.0,1153700000.0,-0.21501309282272077,-0.8004673592273667,44866621303.0,381.87,-1.487069024236287,1.7669431231265882,0.5850947985172081,-1.0
11.87,1.62,2.6513786,-0.5298339416238945,2.74,3.466826,1606200000.0,-0.003258333651087048,0.6259872924569171,13620847614.0,31.92,0.4662639871308751,-0.47394468244123894,-0.3571260549796502,0.0
21.74,2.77,2.8477087,-0.08390162403331448,0.76,0.0,1542000000.0,-0.029362108132493986,-0.030432438314906312,20426488713.0,95.23,-0.1458814113171669,0.20453319794394637,-0.03683458035163175,-1.0
15.42,4.97,3.2898626,-0.054131962621166055,0.46,6.323142971999997,1116140000.0,-0.23619379555584516,0.6366119815864072,9410249279.0,32.07,0.5271998274207915,-0.8260273900545113,-0.6494147940383853,0.0
30.62,8.55,1.7697402,0.5848623032809205,6.19,0.8139042,1007309000.0,-0.30184789742010915,0.0054904081600286965,12945366350.0,114.81,-0.3601949979028623,0.7065224785192705,-0.39732826966420937,0.0
19.45,2.01,1.2129636,-0.40673777041158504,2.43,0.9089532,409832000.0,-0.8773412789909738,-0.5184686215818037,9326484316.0,62.82,-0.16972858763674986,0.28573036973774874,-0.6564819411729164,0.0
15.35,1.88,2.496677,-0.4100379594505015,5.1,2.6036885,1411300000.0,-0.08604110769449873,0.4056241163749581,13612394896.0,118.37,-0.09254153961058781,-0.06041407057199387,-0.3576167026730615,0.0
17.31,4.74,4.6326222,0.13801251408744844,0.39,2.5566885,22430000000.0,1.6839659189626035,-0.21545873327323645,353062464971.0,126.36,0.45753915398055534,-0.35374602817525186,2.2156353797213857,0.0
14.0,1.69,1.1415336,-0.6218133055786743,1.71,2.7659574,4295000000.0,0.6261757550261318,0.7098125715370758,34822224800.0,36.55,0.5747734313401299,-0.5881482544270221,0.3847791136482013,0.0
15.43,1.6,3.3714993,-0.3339781906970827,6.3,1.9845841,0.0,-13.568189479361108,-1.1982611774734464,386613611000.0,107.88,-0.07150808324125633,0.47896053378546705,2.2873878110537547,0.0
14.09,1.78,1.8543326,-0.5317139837994413,0.78,1.5754234,1115500000.0,-0.236560846403581,0.6638367322172323,9267350000.0,24.66,0.5214054965976778,-0.6939623210917167,-0.6615093569755196,0.0
19.8,2.39,4.281897,-0.020696977217762983,9.16,1.3445379,1295400000.0,-0.14087882099738158,0.617420623810639,11037040988.0,103.53,0.04126092440235585,0.2682528244010544,-0.5233807796260257,0.0
16.5,11.5,2.3173764,0.43364643493978483,1.95,3.363962,1827000000.0,0.07916880004293123,0.0758601557154793,22182794875.0,65.98,0.48369247416826655,-0.3288352213240717,0.028360503687922613,0.0
14.66,1.55,3.270451,-0.3749088096708759,1.12,1.9876952,0.0,-13.568189479361108,-1.1982611774734464,22589744920.0,20.08,0.21989302039833708,0.12074739806613095,0.04272909031429803,0.0
17.93,151.66,2.1947837,12.498027169512909,6.41,3.5599859,4033000000.0,0.5858971613474344,0.38325691764066344,39449596000.0,111.69,0.7901668868745118,-0.7536546721601367,0.4833947697214707,0.0
9.28,1.2,7.0508943,-0.16114527879939963,0.8,6.323142971999997,701190000.0,-0.5336724008787846,0.5568372809003269,6180487499.0,14.01,-1.0617341034134011,-0.9193858361652438,-0.981697547498873,0.0
25.07,1.07,2.823936,-0.12270472011769362,0.01,2.891845,5981000000.0,0.838083620870758,1.197988113048641,38612712234.0,16.8,0.18243225892813578,-0.7696224994753685,0.4664469781400531,0.0
16.59,12.93,4.3395863,0.7846383174903684,5.88,2.2988505,1506642000.0,-0.044206797685332117,0.2513440518476386,16078622033.0,98.54,0.03881660079830425,-0.25334526148053244,-0.22600863265738522,0.0
16.01,2.04,0.8557757,-0.5573480772574385,3.12,3.4965036,2286000000.0,0.22259782991472865,2.147187402116426,10570861198.0,60.34,-1.5436300444523585,2.0840757358068993,-0.5574907194414781,0.0
20.11,1.54,4.6780853,-0.03930349975314459,2.81,3.3990483,7832000000.0,1.0106311735514197,0.15370066852798514,89618309338.0,71.58,0.2534132957072097,-0.8550957455411167,1.1319400143668585,0.0
13.07,4.02,0.4081934384,-0.5341648689178518,2.05,1.7301039,5342000000.0,0.7657781073781168,2.0461831308797995,25471355847.0,27.57,-1.0866173643771537,0.7990831234751732,0.13762239534930068,0.0
12.77,205.0419999999998,1.7060977,16.85564114190636,3.98,4.886988,2329000000.0,0.2345234151643074,1.4008852988115978,13862042842.0,47.77,-1.1805890033159907,0.6553289520190242,-0.3432524228245157,0.0
23.14,3.12,1.4884604,-0.1591331159914257,8.51,1.4444605,1137000000.0,-0.22434405292199736,-0.11446397559990187,16229343134.0,198.79,0.19077803333050838,0.17550735243366733,-0.218634001170551,0.0
17.79,2.71,2.2459624,-0.286292879267358,7.02,0.0,1861200000.0,0.09103726285852931,0.4688106279016497,17271388000.0,165.46,0.09667794002004158,0.26920130806606,-0.16944760804022535,-1.0
16.29,4.52,3.0405293,-0.09185670221148272,9.22,1.1652974,2967218000.0,0.38950821383147016,0.443022953931153,27967534829.0,162.23,-1.4908638799198777,0.9330797872882891,0.2115160542260106,0.0
17.88,4.89,2.0302901,-0.1202280756287674,2.76,3.1454785,447000000.0,-0.8217871272034208,-0.05235910878203657,6034600480.0,43.99,0.4667883942601385,-0.6358643665230534,-1.0005780444894978,0.0
15.35,1.76,1.1468264,-0.5707145665728861,3.38,0.26268265,1405319000.0,-0.08875890293255943,0.28916651136128174,14615967194.0,59.11,-0.7863571187135682,0.6122802870525718,-0.30139308583391144,0.0
15.39,0.84,1.0410156,-0.6601535268634402,0.33,1.5993602,2201336000.0,0.19844699678801755,2.623628564095457,8910389431.0,23.86,0.635628861285048,-0.5303511809147174,-0.692555590932933,0.0
17.34,5.73,3.754678,0.1261751286162824,-0.2,2.9327424,3459800000.0,0.4877942755489652,-0.5646742224879113,84475986228.0,74.21,1.1415576769606985,-0.9091436383344511,1.0852338835315516,0.0
9.49,1.04,1.201944,-0.8195421702720873,9.24,1.6813145,0.0,-13.568189479361108,-1.1982611774734464,17123031000.0,73.86,0.03307722492909243,-0.007212038843354247,-0.17626621220212463,0.0
21.35,3.02,1.723609,-0.2005251628579981,1.5,0.0,1065614000.0,-0.2658391861534998,0.12371716193673131,12469931896.0,38.86,-0.5487821177886817,0.7792724453705908,-0.4269028661484907,-1.0
24.28,45.55,1.8781451,3.5639165603760325,6.83,2.315954,7115000000.0,0.9491886632308448,-0.07628143670744093,98102120000.0,334.3,0.03125988965162104,0.4070962542231131,1.203430474367204,0.0
15.99,0.85,1.5809761,-0.5793644173560304,1.93,4.5131636,0.0,-13.568189479361108,-1.1982611774734464,16111166935.0,46.05,1.0635131071503365,-0.7345920433394418,-0.22441040843917157,0.0
23.87,14.1,1.5653384,0.8159836887419252,3.46,1.6413131,7858000000.0,1.012752078399898,0.2679458436444896,82909678852.0,95.01,-0.4361359250589781,0.5652461173329447,1.070441296671844,0.0
10.35,5.86,1.3037612,-0.36611716859979143,12.25,3.264714,6851000000.0,0.9249920819953429,1.2349959300196702,43556650000.0,105.79,-0.5117080701381167,0.6197464794162033,0.5616741077321198,0.0
18.91,1.79,4.6277885,-0.06300346673285147,8.69,1.6218846,0.0,-13.568189479361108,-1.1982611774734464,27840827434.0,178.35,0.18301030154403763,0.2443972508474569,0.20792703197179754,0.0
14.81,2.24,11.394877,0.5943411972791034,3.43,4.9177604,503183000.0,-0.7460210249621113,-0.27956660843549563,8473119166.0,58.36,0.3361908860373568,-0.3416423306616288,-0.7323275380516455,0.0
7.67,1.69,0.45503208,-0.9069490360635988,1.98,6.098546,2446000000.0,0.26589018556575217,3.8195273992786083,7541063495.0,24.0,-1.484808584672576,0.712499399208277,-0.8244362909977364,0.0
-32.0,3.4,4.6578755,-1.5996186123520477,-2.65,1.2247398,2266000000.0,0.21697440475328642,1.3282152509200524,13875005314.0,15.68,-1.2842825358699594,1.1376271084204015,-0.3425136679778456,0.0
16.06,2.43,0.42713487,-0.569975002291922,6.85,2.8268552,5978000000.0,0.8377625530495197,1.7251767242517604,31633740000.0,62.79,-0.473859672371209,0.4930775492455611,0.30887650845870773,0.0
32.73,11.02,2.9997249,1.0034549942080926,2.67,0.9452879,2620000000.0,0.30986715632521894,-0.40212825155469223,50910130358.0,133.88,-1.0429919833708912,1.4822806588506077,0.6849749489146411,0.0
20.23,5.85,2.9848945,0.1459841565096691,2.87,1.8257059,3236000000.0,0.44499959430763414,-0.0011932273510656538,41819440000.0,79.31,0.7585268182352782,-0.24311581898851148,0.5295042805527443,0.0
30.38,3.03,4.416998,0.3980414512615366,6.63,0.8042038,975223000.0,-0.322563791358691,-0.1015945869551135,13756812736.0,208.42,0.609016483115891,-0.4597230423686226,-0.3492753713435096,0.0
22.12,11.93,2.308266,0.6547954304676126,1.47,0.98383695,1179000000.0,-0.20113118858165324,0.15994390460201346,13428792315.0,40.7,-0.2441055994990195,0.39454087224954404,-0.36834998175325356,0.0
34.99,26.93,15.020556,3.782763003063005,3.65,0.5926628,7113000000.0,0.9490087527248445,-0.6101453746063233,187102014193.0,160.62,-0.8446763714182071,1.278769146133687,1.7137433566620817,0.0
-14.68,3.87,1.1863722,-1.3750827155027723,-3.06,0.0,-203599000.0,-13.568189479361108,-1.7372730769808433,5843402350.0,16.0,-1.742401805720053,0.22419728776790182,-1.0260258566583542,-1.0
23.91,5.2,2.7788277,0.18853903759661203,3.73,2.0261056,815700000.0,-0.4368698659809404,-0.26071045272873133,13459353253.0,101.36,0.9299766423630429,-0.3279006503560288,-0.3665532686424593,0.0
23.83,146.07,5.770237,12.610995642365108,6.36,2.437994,10515400000.0,1.1991726711343547,0.03315865838479993,132101623787.0,158.97,-0.06931995932200292,0.30331625416745905,1.4386216173921045,0.0
11.68,2.68,0.4081934384,-0.6950053789538878,22.74,0.8898776,7232000000.0,0.9596263623651512,2.3495155891616264,31534840262.0,150.23,0.34192245094341994,-0.3298328398245561,0.30640155463433677,0.0
17.04,2.14,4.944542,-0.05931501937128866,2.89,2.2618315,9204000000.0,1.1139307280484394,0.09489189986797866,110107062300.0,78.38,1.0709299190147294,-0.6700666138820652,1.2946766934839846,0.0
13.75,4.02,5.0893345,0.00973911197645813,1.4,3.435934,8715000000.0,1.0789947170175656,-0.31269146673864834,152241530340.0,54.73,0.7719958744108825,-0.7451463307114078,1.550775739311115,0.0
8.52,0.85,1.0496864,-0.8847874492888146,0.63,3.4587116,0.0,-13.568189479361108,-1.1982611774734464,48679364276.0,44.28,0.6545005929530522,-0.8559344836656415,0.6495600607023745,0.0
35.56,31.69,8.372307,3.469506931733574,14.24,0.0,666706000.0,-0.5659444814789549,-0.5701605442720484,16420774443.0,597.3351999999982,-0.37224804265153194,0.4356671408784869,-0.2093655766661468,-1.0
29.65,3.09,2.2276719,0.13523291297481158,1.92,1.2687428,2680385000.0,0.3244489459226242,0.9136910931494456,19633674337.0,33.5,-0.39298840811844016,0.5217294675317253,-0.06812333185024856,0.0
14.29,5.4,3.1455927,-0.07054265226665173,3.31,0.0,456600000.0,-0.8081889175182765,-0.4956921057998021,10053919023.0,60.03,-1.902655509178416,2.644383626738201,-0.59712001246369,-1.0
21.77,5.9,7.4475183,0.698185186519695,0.66,1.7512966,997492000.0,-0.30811521027502875,-0.4025585623192954,19393095636.0,79.9,-0.010124598371055,-0.23739641525384106,-0.07786812868054199,0.0
9.01,2.02,2.1912806,-0.6410302500398162,4.36,0.0,12541000000.0,1.3119063484263842,2.795589658886087,48576791974.0,40.0,-1.9742831718942901,2.289989666920809,0.6478928676847898,-1.0
25.76,9.49,7.1130967,1.100608179684279,2.97,1.8747908,34156879999.99997,1.9531027816599529,-0.17807765007123907,517950659552.9572,85.01,-0.3671466637620413,0.5732243135923638,2.5185413819517013,0.0
14.38,1.6,6.6291075,-0.0056853477247005325,2.86,4.19652,871483000.0,-0.39453790539362465,0.15091188029640665,9992628990.0,85.39,0.6212617939029663,-0.9015337843760878,-0.6019530963223196,0.0
19.08,2.88,2.7977824,-0.16770397857352978,12.48,0.0,1750393000.0,0.051756935127635295,0.16264658382247046,19897356456.0,256.57,0.21256056229719061,0.07571996769236554,-0.05757893596544457,-1.0
17.66,1.34,1.2371694,-0.5205563204924293,9.27,2.1533613,4708400000.0,0.6849842132480138,4.67730988329282,12396862128.0,74.51,0.2934386708551594,-0.8972529074139676,-0.43154793228779303,0.0
19.85,2.52,2.5708609,-0.19850301090808095,1.91,1.9977299,4355000000.0,0.6350537008650463,-0.17480982415987573,65827817742.0,42.68,0.9838398914048767,-0.4663804900162418,0.8880904340329409,0.0
21.53,7.96,3.589782,0.43733811158802144,5.09,1.7938709,4217000000.0,0.6144471725252152,0.03083869575862364,53076824328.0,119.08,1.2894809241132887,-0.36813677183275223,0.717917277648113,0.0
42.17,9.56,14.152587,2.431759325601255,1.19,0.0,1229478000.0,-0.17430287095207928,-0.6757901945350133,36403831015.0,61.99,-0.9482439814196145,1.2505705980868758,0.41988691110048587,-1.0
26.55,73.84,9.932974,6.964394116458461,1.35,1.114065,1238000000.0,-0.16988248337021397,-0.5638857511792333,30189978000.0,152.14,-0.5350014524291443,0.9154406642739893,0.27195391695453563,0.0
14.23,1.33,2.2258842,-0.5243340953607202,3.09,1.8331805,0.0,-13.568189479361108,-1.1982611774734464,97535400000.0,51.79,-0.11511301396547237,0.3623124040095311,1.1988512668373466,0.0
19.03,6.81,2.6092634,0.14698546897672068,-1.08,2.0266979,1629000000.0,0.005761764973117463,0.317465082971643,16626039679.0,98.74,0.09305341717642154,0.30418574652404284,-0.1995466478578694,0.0
8.35,1.63,2.5358944,-0.6578717572857554,0.93,0.0,3113300000.0,0.4202628141279247,1.0213288865240115,21698849265.0,39.25,-0.7091308322625356,0.5358840778522638,0.010926224663015165,-1.0
17.78,2.25,3.2591083,-0.21324091649322577,4.32,1.9671283,1212000000.0,-0.183465428631028,0.2614957445353305,12844304115.0,75.21,0.6880260172331621,-0.2596213634608899,-0.40352293786218035,0.0
-53.6096,0.91,2.5209634,-2.763733852373778,-6.4,0.5873715,353000000.0,-0.9728712987653141,-0.7762483188074569,12940096785.0,32.64,0.07052547220230063,-0.45586525581491855,-0.397650073749379,0.0
7.56,1.02,0.6986579,-0.9409453037673129,1.01,4.5584044,0.0,-13.568189479361108,-1.1982611774734464,4230379820.88,13.38,-0.22571931276414375,-0.15585924720221267,-1.2813395300096442,0.0
26.1,5.46,3.6687026,0.38218030000324316,1.81,1.3881658,1075000000.0,-0.26022721597816156,-0.11663824774042042,15375210915.0,55.85,-0.9475261830760916,1.1729084611793292,-0.2613660706374801,0.0
200.0692,30.8,9.861594,8.981796643338098,1.25,0.0,809028000.0,-0.4421257793270036,-1.0892453083648856,114805404842.0,250.1,-1.7519115477106846,2.461319653250512,1.3277035357290066,-1.0
9.72,1.01,1.2810479,-0.8057233662618722,1.17,3.1228786,2021400000.0,0.14387654202256006,0.9675636090691563,14438346000.0,27.91,-2.137872349714591,-0.13622798673886613,-0.3110572055820956,0.0
13.12,4.51,4.703259,-0.011977336278228367,-6.5,0.0,896000000.0,-0.3767833287693886,1.2355865241182593,5695123080.0,26.38,-1.1538749459770148,-0.5003351198780426,-1.046341321177093,-1.0
26.34,1.81,3.7076392,0.0811244301248675,-1.18,0.8101539,1509000000.0,-0.04320602719978306,-0.016246827850031276,19749449484.0,36.61,0.3356320808789589,-0.15676334294763267,-0.06347626251784336,0.0
43.47,0.85,1.5518167,0.32322011130447614,-1.28,1.24533,679000000.0,-0.5542514939858306,-0.07565871732609455,9356906461.0,15.65,-0.08404989415709578,0.4084974109237969,-0.6539079488987602,0.0
44.03,0.86,1.5718216,0.34476654581885213,-1.28,1.2269939,679000000.0,-0.5542514939858306,-0.09218783338813878,9496735699.0,15.85,-0.05495958394207293,0.3240415161131951,-0.6421837435958063,0.0
21.65,2.75,4.091698,0.04999794484556287,11.39,2.6537917,9018000000.0,1.1008659399873009,0.8044020405630556,69661177770.0,145.29,0.5755400967352449,-0.13718553293636868,0.9328271633131047,0.0
18.73,3.02,2.7288198,-0.1749065636999595,1.39,3.6208732,1836000000.0,0.08231348285923767,0.9248889248796037,13377670080.0,33.9,0.3428849673136761,-0.8665974146937464,-0.3713646781023372,0.0
24.9,8.91,3.0549932,0.570393078780437,2.51,1.2189548,5162000000.0,0.7438434582784995,-0.45038036114050306,106776113744.0,62.49,0.21075953696736568,0.15205144808879756,1.270396679541412,0.0
19.57,1.82,2.2361343,-0.3051078244259175,1.02,3.3780859,1448600000.0,-0.06934739273380129,1.6834410434334073,7776566371.0,22.51,0.6708239959273752,-0.7210007082586829,-0.800130397660205,0.0
105.96,1.44,4.6976447,2.7841956429317816,-2.32,1.4771049,-371216000.0,-13.568189479361108,-1.6340618784160679,13177325251.0,25.43,-0.9779562336405897,-0.3959374924774578,-0.3832911741640441,0.0
15.04,9.1,0.74603415,0.004460562056559795,2.02,3.0020285,1448000000.0,-0.06961250700892133,1.5293418350690808,8212509855.0,47.23,0.0656093088418873,0.18706860103426398,-0.7570194877686413,0.0
20.65,3.09,3.8525908,0.01958209642784016,18.73,2.018503,4737000000.0,0.6888596208686577,0.6092048471970153,40543547441.0,136.89,-0.07397432026397013,0.19945768842288755,0.505014241481601,0.0
19.96,2.44,4.031728,-0.039000345192748136,4.92,1.6678249,0.0,-13.568189479361108,-1.1982611774734464,22908130223.0,96.2,0.4636801290540903,-0.19139166015168754,0.05379129544293623,0.0
24.4,7.96,2.209576,0.3781851014893726,11.47,1.3030859,3884000000.0,0.5618065794498157,-0.17609782130752757,58782413951.0,324.01,-0.3176205216902721,0.7848975803193148,0.7986181919039502,0.0
15.35,2.35,3.2066104,-0.29060655042930106,2.78,0.0,1529401000.0,-0.03461226613143224,0.5952969255753376,13191507318.0,56.01,0.4649985475708557,-0.044773741727059335,-0.38244097359216955,-1.0
17.78,6.73,0.9933021,-0.08110714190661272,-2.23,1.4195584,1774000000.0,0.0603299454755476,2.2193655329500936,8030036023.0,24.0,-1.708525586390155,1.8267850165558501,-0.7747792637261156,0.0
17.01,2.34,0.99837583,-0.4827477007417959,4.1,2.415766,2648729000.0,0.31684609425096305,0.8501824159534034,20003317128.0,60.38,0.22337467222490512,-0.14298270834360308,-0.05338097671764012,0.0
82.08,20.39,16.184554639999998,4.9033058477988645,2.57,0.26223776,3098000000.0,0.41711013198883273,-0.8526074278525042,138652800000.0,217.52,-2.540803834597327,4.40001775637889,1.4768777632342065,0.0
21.91,34.12,3.1934319,2.6512033195136784,10.73,0.0,1965187000.0,0.1258283091683059,0.2201220251330347,21433781860.0,252.22,-0.7706631995001478,1.158754108428742,0.0012115432410872962,-1.0
195.63,3.4,6.044895,6.058346355582177,-0.75,4.4081864,5205000000.0,0.7491521588526789,0.30771394005860586,53467692395.0,68.47,0.2184365619030493,-0.027241617150427527,0.7237165533556251,0.0
15.27,6.66,1.5327156,-0.10976195007225094,4.79,3.1838684,2366000000.0,0.2446100314867412,0.9080117573058416,17377551986.0,75.91,0.38230642707506823,-0.16919425633312576,-0.1646040853000936,0.0
34.0,4.03,2.6159565,0.40256590385611296,1.66,5.4436197,1851783000.0,0.08779117011622574,0.104556178580299,21988472489.0,54.4,0.4998323530508904,-0.2022008102841334,0.021406122422870603,0.0
18.81,3.56,5.2561646,0.15563392619522531,2.2,1.5551463,16545000000.0,1.4892218104123853,0.0669247354488277,202302349740.0,46.84,0.37916847769908446,-0.13428915950361453,1.775480397372448,0.0
15.72,3.07,1.28693,-0.4304639499585749,4.75,1.455816,3619200000.0,0.516618670760744,1.1199133842742146,24152102921.0,66.98,0.569727125719155,-0.4969226605520875,0.09558690642753916,0.0
18.57,5.54,1.741522,-0.0738587454635139,7.07,2.1514556,1214900000.0,-0.181936044056176,0.5023956645951998,11051273948.0,111.95,-0.23650766736919826,0.2508340723423332,-0.5223621755169239,0.0
21.6,4.39,1.8652664,-0.05890683792663497,7.24,1.4401833,2092089000.0,0.16587309540489742,0.12697513481791683,24421668509.0,174.51,-0.16954397631366758,-0.013643545532173616,0.10435973827276133,0.0
14.05,2.34,0.7872792,-0.6038358322073516,1.79,3.0723782,359644000.0,-0.9609385648675844,0.11690902538442242,4230379820.88,32.88,-0.32008000983600754,-0.7258426951492575,-1.2813395300096442,0.0
27.49,11.77,7.248487,1.368425680423177,2.26,3.0892801,1414900000.0,-0.08441079756714723,-0.2569725654692121,23253666810.0,61.86,0.28894852594077924,-0.25377481949203967,0.06562422187112422,0.0
49.53,5.81,6.935696,1.5485044767609295,1.47,0.0,2932000000.0,0.38186729148273946,-0.6982187234397352,90708000000.0,72.32,-1.9060924482837525,2.4723515359817108,1.141492626451923,-1.0
18.89,2.48,2.5191512,-0.23934187478527746,3.63,2.03933,863700000.0,-0.400278740084514,-0.12649196699591758,12466660892.0,66.67,0.5139146167497579,-0.19059582828628596,-0.4271102221860066,0.0
18.02,1.17,3.9272704,-0.22359891136661122,0.97,3.59375,0.0,-13.568189479361108,-1.1982611774734464,6527616000.0,18.56,0.6921894493014161,-0.16749365975229588,-0.9385068418242357,0.0
21.51,3.4,3.6705062,0.05425541480311654,4.36,2.8370044,12843000000.0,1.327134169276608,0.03261891387268524,161413271020.0,110.15,1.183892802317738,-0.6197196806317173,1.5970134557451137,0.0
24.68,3.25,3.7116463,0.15045680235161007,2.64,0.3695394,445658000.0,-0.8237112736525035,-0.37277115852655,8351767268.0,72.06,-0.6436886861115141,0.6729146262154012,-0.7437293712616543,0.0
19.45,2.03,3.3850067,-0.16305089013350435,-6.8744,0.73126143,0.0,-13.568189479361108,-1.1982611774734464,12326379902.0,84.44,-0.32186233887058546,0.49731522900282715,-0.43605452270162864,0.0
12.69,3.4,4.0020885,-0.19954239926331976,3.51,3.8879359,20569000000.0,1.6285378448028782,0.32784264004181984,208505541949.0,33.63,0.7747592982213539,-0.5768624931799258,1.7993520338394984,0.0
8.75,1.09,1.5730644,-0.7982996181216135,2.78,0.0,6471000000.0,0.8884744693814561,3.7307811216662286,20309412381.0,38.24,-1.3177971231582697,-0.8507781216827228,-0.0413778205315727,-1.0
22.36,205.0419999999998,2.7574685,17.28888460451454,4.48,4.328479,11802000000.0,1.273039959667132,-0.009464587600321872,153580671803.0,100.39,0.610789356651511,-0.6716222617413047,1.5576977607865705,0.0
21.11,2.12,0.47499472,-0.42478782083483685,9.93,2.928564,5311000000.0,0.7620536640043786,0.5135575345620983,47996220000.0,92.44,-0.044060696732387127,0.10815386675587473,0.6383894844414386,0.0
16.06,1.65,2.9931207,-0.35107160012973904,3.95,3.698776,1614399000.0,0.0,1.775757471924556,8397609889.0,74.34,0.7348134824735854,-0.7993614395599506,-0.7394027928081287,0.0
118.29,2.76,6.7890477,3.536925165772648,-3.39,0.1816118,1717000000.0,0.03943053732404235,-0.3123667293417275,29983119693.0,169.16,-0.6049806574751222,0.5880641073670936,0.2665195992087267,0.0
17.55,1.53,4.04653,-0.19490463380175652,10.4,1.9354838,0.0,-13.568189479361108,-1.1982611774734464,73315000000.0,149.38,0.12016061924933978,0.3758477472896921,0.9732336436046733,0.0
17.74,2.44,1.3948758,-0.40592983707171393,-1.19,1.8570102,506100000.0,-0.7423219335619398,-0.3038307729508672,8753430477.0,101.32,-1.1891197304367047,1.3422548364584215,-0.7066026568136925,0.0
18.73,4.83,1.9551051,-0.10573520570140298,6.31,1.5771489,2585000000.0,0.3012607025751313,0.17863922973491578,29043337549.0,110.3,0.8729985979834101,-0.3902856657450949,0.2413492122286345,0.0
12.83,1.95,3.7497053,-0.3475070542208347,2.79,5.2196894,3937000000.0,0.5704800041969508,1.7242761177379178,20839814845.0,29.52,0.17126329390078732,-0.7846987869567595,-0.02100080278288035,0.0
24.63,6.88,3.887915,0.4800332916284939,4.32,2.1998534,3632000000.0,0.5188779552452341,0.10997056433703466,42948664203.0,144.07,-0.10009427749339123,0.17614138123460904,0.5505636866749939,0.0
24.26,6.92,9.176564,1.0604368821206656,23.67119999999998,0.0,4803487000.0,0.6977791844783428,-0.388941870067401,91817448863.0,597.3351999999982,-0.37224804265153194,0.4356671408784869,1.151101266703043,-1.0
11.96,1.53,1.7167546,-0.6387116285709082,4.5,3.1914895,0.0,-13.568189479361108,-1.1982611774734464,18457199721.0,60.38,0.5905714576241703,-0.7292076243320098,-0.11696297682216751,0.0
20.46,3.85,3.1595004,0.0013433855002085928,5.6,3.3704789,17249000000.0,1.5158883264295557,0.09508064260215943,206318943299.0,80.22,1.1123059797852035,-0.82247236707512,1.7910194165440236,0.0
20.76,3.25,1.1458876,-0.2645904254909516,2.73,2.1061797,0.0,-13.568189479361108,-1.1982611774734464,31062780000.0,51.07,-0.5686881784055748,0.7423956102749881,0.2944803381800785,0.0
20.76,2.11,14.380373,1.1119048476112139,3.06,2.931379,2969194000.0,0.3899342370851557,0.23925097157094566,31953288000.0,58.33,0.12814960311322396,-0.02334011368688631,0.3168205947602474,0.0
9.99,0.93,1.083727,-0.8256721738522023,9.73,2.6985698,0.0,-13.568189479361108,-1.1982611774734464,47136080000.0,103.38,0.5124766605753498,-0.6000323775501599,0.6240964084271715,0.0
16.11,1.88,3.4491453,-0.2788788511364187,1.75,3.60587,3613000000.0,0.5155214557229071,1.1172894257257926,24138050331.0,46.73,0.6087379663853584,-0.33470161122471087,0.09512689298295822,0.0
18.21,6.56,16.16417,1.6085412270076775,6.81,4.316159,1924803000.0,0.11254070035326977,-0.2752008549546359,32258539942.0,180.49,0.5855354072444612,-0.8383527715672695,0.3243354288117202,0.0
12.86,1.99,1.0341544,-0.645602724947879,1.44,1.2036108,992811000.0,-0.31112537752846237,0.5485225316052309,8792572352.0,28.67,-0.8387229570795591,0.6410592203756345,-0.7030762137867493,0.0
20.98,2.14,1.7617522,-0.28400884533074877,6.77,0.100529455,1057500000.0,-0.27073059749644546,0.2269492012909816,11478625926.0,142.68,-1.3343260895622817,1.9692494436400607,-0.49237391527666197,0.0
19.71,1.98,3.389142,-0.15831158234184015,-0.13,0.0,806875000.0,-0.44383107379070436,0.06540042939476293,9877885146.0,76.85,0.24083953902839497,0.09086953907198131,-0.6110815630876695,-1.0
16.51,3.82,4.263658,-0.008431501827786878,1.65,3.5055351,4191000000.0,0.6104893855749528,-0.5248856600611921,96282828902.0,62.42,0.010973745072733975,0.2937823887188522,1.1886351339636325,0.0
17.54,1.43,0.77893436,-0.5678349431218392,1.28,0.0,649404000.0,-0.5827712035722065,0.6865400767478914,5330131216.0,33.51,0.3858918583704716,-0.38728374743087507,-1.0986924461988659,-1.0
17.07,2.82,1.7709883,-0.3534975420686024,5.5,1.9884669,1453000000.0,-0.06740657009424443,0.45716080455611624,13578300000.0,96.42,0.7306722805888531,-0.5432846306492485,-0.35959887775223753,0.0
35.61,0.8303999999999999,1.9624339,0.10818936614609609,-2.79,0.6097561,820095000.0,-0.433431109431289,1.8007169995925518,4230379820.88,12.8328,-2.613594826808467,-0.7860373827896432,-1.2813395300096442,0.0
16.94,2.34,1.9734555,-0.3764292217197163,4.12,1.0982976,0.0,-13.568189479361108,-1.1982611774734464,13216271700.0,86.06,0.12002149228153036,0.009926437074634802,-0.38095856315014437,0.0
25.78,5.28,2.2938328,0.20301801452529625,6.95,1.5612764,3868000000.0,0.5591649176364939,-0.18520034081588,59066255840.0,198.74,-0.09449758125227938,0.5709462913242163,0.8024255643639142,0.0
15.54,1.92,15.588069,1.0580669915348326,1.12,5.372036,1075568000.0,-0.2598891779582145,0.008778144979079546,13784942453.0,47.56,0.5034339764346311,-0.9392052186776791,-0.34766083947765747,0.0
79.9,15.69,8.202077,3.538747599739842,1.68,0.0,541809000.0,-0.6986911827769262,-0.8306393234398672,22799923883.0,124.65,-0.9967835331379814,1.564094669313105,0.05004903932665354,-1.0
15.27,1.51,13.762162,0.8105638991733447,1.43,3.6850338,487636000.0,-0.7661053990081107,-0.4330536035211229,9858367494.0,55.58,0.6425996127567027,-0.9060877495278856,-0.6126448393621193,0.0
27.93,5.89,8.48541,1.0160043786041,7.74,0.0,2043160000.0,0.15072858193698935,-0.3190614889159496,35950369241.0,322.62,-0.9199601700408326,-0.7888494861482681,0.40997961045673437,-1.0
17.9,1.32,3.474771,-0.26508835757268556,1.0,1.8987342,0.0,-13.568189479361108,-1.1982611774734464,21500640000.0,17.9,-0.4048774444586215,0.7044017767386831,0.0036731673851275915,0.0
26.13,2.83,2.8841186,0.07001384976495796,1.77,2.1362228,2734000000.0,0.33712318091345583,0.7606565203465461,21590903863.0,62.72,0.9774929788619974,-0.4616607876434535,0.006984442138433277,0.0
31.54,6.61,6.1640687,0.9382023795666518,2.41,1.5120423,636942000.0,-0.5951709817619705,-0.4536841333565804,13233622689.0,89.26,-0.5106981229539449,0.5194354927905557,-0.3799215767154707,0.0
20.18,5.98,1.3330402,-0.02852523625772776,2.32,1.7075773,565196000.0,-0.6716478669612796,0.042456910178177,7047165475.0,52.26,0.028657965546919347,0.05648357789185089,-0.8779756848524969,0.0
26.48,10.94,3.760594,0.8753294927537172,6.35,1.7692552,1323200000.0,-0.12729060843659112,-0.34970855071794227,24123216432.0,178.73,-0.030980704186235126,0.026874138581107487,0.09464101263365436,0.0
22.29,3.46,3.781273,0.09745669754952581,4.8,0.9748892,1696000000.0,0.031555386683741346,-0.01630047715488744,22197870556.0,133.31,-0.4790084483885151,1.135293215490885,0.02889748091399418,0.0
27.57,4.23,5.9715905,0.5816035659551103,9.38,0.61985797,1555209000.0,-0.023903619081961352,-0.3152911035661824,27247789759.0,259.4,-0.36419433602095264,0.6215541660508019,0.19090897741449547,0.0
26.52,10.28,2.9734495,0.732306128471742,2.83,0.82061803,2247009000.0,0.21158855070164864,-0.031921419088437264,29803566306.0,75.06,-0.6904233417758951,0.8805984290240746,0.26177211917038673,0.0
16.26,2.56,3.1026611,-0.25416431884939233,7.53,1.8674136,2876309000.0,0.369595188368228,0.4246170574548037,27418147452.0,122.45,-0.1273718489243509,0.4364021732086162,0.19583525725583,0.0
27.38,50.56,10.254704,5.02931200934565,7.95,1.0947506,3021000000.0,0.4010035428626189,-0.19506868744079067,46585950000.0,173.31,-0.2547382497093176,0.7595572273707741,0.614817404667503,0.0
200.0692,8.81,10.3738785,7.151312726650328,0.27,0.0,925804000.0,-0.35584307044641295,-1.0180839522454075,79489115000.0,104.03,-0.07386671252442974,0.4176503715637873,1.037140711978777,-1.0
199.81,91.04,15.189207,14.73757476123677,0.62,0.0,1074240000.0,-0.26067979985503376,-0.3491707965343308,19572031314.0,159.85,-0.9609012027442039,1.3851136584810104,-0.07060879731013749,-1.0
8.75,0.92,1.651705,-0.8041311642612161,4.16,6.323142971999997,1459000000.0,-0.06476944411532394,3.1178027942677717,5229448882.0,35.6,-1.647196296111486,-0.7951627252559705,-1.1137651966102535,0.0
44.93,2.64,3.2297828,0.7119235936001893,-1.08,2.8673835,3222000000.0,0.44222498998675036,-0.6818985137656374,96529311126.0,67.4,0.2599028928917882,-0.4033307434443326,1.1906559379335422,0.0
16.04,4.22,4.374079,0.022711613309915533,5.18,1.3761468,1351059000.0,-0.11395698606253152,0.6466903039682295,11328642413.0,86.46,0.19840834427518292,0.5250300167048408,-0.5027695073829431,0.0
11.51,13.33,1.3048558,0.3134439218525393,2.58,5.085772,1811000000.0,0.07353981012358579,0.7868348842150632,14113197720.0,47.44,-1.2797448560448892,1.4096443492155197,-0.32906014262067984,0.0
21.31,10.55,2.4700067,0.5276584413310624,2.46,1.4427412,969700000.0,-0.3261982872400322,0.6764341427730721,8001938397.0,42.62,0.8621495835624349,-0.6904314710725424,-0.7775497485885089,0.0
19.14,1.98,3.15303,-0.20340406410122372,5.45,3.1607263,3763000000.0,0.5415530408357232,1.0266919585697396,26163862235.0,103.36,0.8935722780018364,-0.7182298300465301,0.15882438068177976,0.0
26.75,13.42,2.5276077,0.9597478642499238,18.61,0.8426688,2160668000.0,0.18651399454959902,-0.31237426209517344,37730994828.0,387.65,-0.08409734090213962,0.32471475448552245,0.4481891883949956,0.0
6.65,1.38,0.7564699,-0.9336002927268939,7.03,2.4730754,852700000.0,-0.4084813207080555,1.9199491415556622,4230379820.88,49.38,-0.8920142931836409,-0.538250451948467,-1.2813395300096442,0.0
13.56,13.24,8.754495,1.2031988559330622,6.25,5.0368075,4411515000.0,0.6433048255739523,0.21939731960627215,48139839531.0,152.18,0.7609558820882844,-0.7735795009718746,0.6407510512211048,0.0
16.45,4.25,6.9704437,0.32804215076584753,5.41,1.2629502,1122900000.0,-0.23232962269542612,-0.2589265874488281,18493080922.0,99.04,0.5095322030555394,-0.4462540213173298,-0.11542792837336284,0.0
14.07,1.32,6.5820084,-0.045185258068360865,0.88,3.4998922,795889000.0,-0.45260405501164186,0.2304647017575558,8617714345.0,90.61,0.6764900965121824,-0.8548763299290262,-0.7189531582272284,0.0
15.81,3.21,3.5114813,-0.16766041636290427,9.2,1.968433,982200000.0,-0.3180017810975068,0.40131754949151227,9499107736.0,156.72,0.42950257157478366,-0.36967508720344144,-0.6419863488445353,0.0
15.78,1.82,2.5080602,-0.39974581941980913,2.53,5.3530226,6012000000.0,0.8413919233499414,0.9399270439871367,43497224128.0,43.4,0.7234443365717045,-0.7551045598715016,0.5605950113207357,0.0
15.89,3.84,1.6294897,-0.32060389842109244,5.82,0.863707,4533000000.0,0.6606893554838527,0.8431578681153364,34351211637.0,55.63,0.29998576963562523,-0.3487900855596058,0.37401512761211064,0.0
20.57,3.34,1.944325,-0.17418054581993167,8.05,1.5775635,2264600000.0,0.21657890819206904,0.23187617054479331,24496399600.0,152.86,-0.15050742353990787,0.2384951697542031,0.1067746712596164,0.0
25.98,13.36,3.4392443,1.030774091241466,1.97,2.203452,7361500000.0,0.9709841067107078,0.2894390664833795,76548976000.0,53.77,0.8325780042356266,-0.7365190017309976,1.007351339133675,0.0
15.35,1.95,3.263072,-0.31865137105921465,5.23,1.6228749,0.0,-13.568189479361108,-1.1982611774734464,38059113300.0,98.54,-0.3621014003095865,0.42878000685956924,0.45503292974923737,0.0
16.26,2.15,2.2607324,-0.3831500661047857,2.08,0.0,305085000.0,-1.0662244724153465,-0.43930009049744234,6218560288.0,70.55,-0.06847190332078856,-0.21103689204934317,-0.9768435399900842,-1.0
23.46,5.54,4.635566,0.4097346037490582,2.68,1.2234008,2863000000.0,0.36662723564343447,-0.42811475075953137,57509096756.0,148.01,0.10213025837948658,0.038113180742478804,0.7813089252329624,0.0
16.25,1.38,3.3089445,-0.3328010950454476,4.48,2.3185046,0.0,-13.568189479361108,-1.1982611774734464,32498948310.0,65.8,0.1285657815637387,0.25473046081923983,0.3302040259943923,0.0
39.37,3.36,3.5516493,0.6263065202703737,-0.17,1.1286682,1227000000.0,-0.17559396819312986,-0.04928784031509377,16520497264.0,25.59,0.3562190319186586,-0.8380789146194166,-0.204580066515671,0.0
13.35,1.97,2.1096623,-0.5113535913838722,2.41,1.6,0.0,-13.568189479361108,-1.1982611774734464,28893750000.0,34.98,-0.5029759795542164,0.5740293884406856,0.2372677811015029,0.0
67.72,3.98,6.276264,1.9175642374552855,0.87,0.0,579844000.0,-0.65527398151301,-0.49566059846132543,12767067883.0,82.62,-0.17080138693944313,0.2938791998366139,-0.4082901257776813,-1.0
22.98,13.4,0.7295535,0.6334522876163827,2.08,2.4644873,2988725000.0,0.394129911930983,0.32037557296620217,30445320778.0,57.0,0.435486233575957,-0.15002893416237967,0.2786108370657957,0.0
19.92,4.61,7.3911157,0.5201900115553595,4.75,2.140443,2281400000.0,0.22130881092961288,0.16911302051172755,25810865035.0,101.99,-1.1740258090044344,1.3232546379389984,0.14808798670020104,0.0
19.45,4.35,4.0785494,0.11335282984544835,2.09,0.0,0.0,-13.568189479361108,-1.1982611774734464,14247199374.0,48.85,0.14792216494883703,0.5193604248942961,-0.321590947510498,-1.0
14.19,3.45,0.8047394,-0.5019968984500178,4.71,3.3856654,7105000000.0,0.9482886044810298,1.562236336513394,39816696539.0,71.11,-0.6900094869891518,1.0600694226141147,0.49071580167134043,0.0
19.72,3.6,2.5734365,-0.10979746514910861,4.71,1.6062645,2797000000.0,0.35170212454301353,0.038584876212250055,34983666316.0,95.27,-0.3156797514085678,0.49112155185340767,0.3884350333356909,0.0
18.77,1.06,1.561575,-0.47186186899737315,0.0,1.7060367,540167833.42,-0.7006325398300493,-0.6082503380052815,14163064455.0,29.1,-0.030434922714981567,-0.07086276211592052,-0.3262723394662159,0.0
24.05,9.32,6.9572234,1.0122839607832232,3.6,2.4318495,7013000000.0,0.9399481218877757,-0.11619530936012212,100262526470.0,97.66,-0.6890954384571736,0.43433947784404825,1.220647617489907,0.0
22.13,2.57,1.0645695,-0.28685873145451035,1.14,0.1381454,1454000000.0,-0.06696629373337921,0.27625664327019095,15254672353.0,55.54,0.14841839455265957,0.12402946641323855,-0.2675870051151377,0.0
14.76,1.49,3.3834257,-0.3641770707182421,3.73,1.7347307,0.0,-13.568189479361108,-1.1982611774734464,56083904906.0,53.29,0.44524873556500444,-0.06967141457750214,0.7614746075623843,0.0
23.44,21.62,2.798683,1.5847001188237833,5.33,2.6286967,1295000000.0,-0.14107645585541234,0.012927468745230652,16540418002.0,127.76,0.9468390458871597,-0.7082809112329598,-0.20362757015624364,0.0
22.96,3.57,6.8538465,0.47127531491361807,7.52,0.026033757,615700000.0,-0.616877014430996,-0.3552027082735741,11297958140.0,223.17,0.1944193885854985,-0.04242449391478572,-0.5049132345665126,0.0
20.51,25.64,2.8396711,1.8377480010235505,3.66,2.6494346,1404123000.0,-0.08930375865685639,-0.1573157084267665,20867272020.0,97.65,1.131836681907778,-0.8779784284831509,-0.01996011901975977,0.0
23.66,0.94,1.8161958,-0.2926062105391361,0.85,0.3960396,1165100000.0,-0.20872070558734726,0.6547348167550593,9726962131.0,24.13,-1.1413492975281097,0.20776188586162322,-0.6232510791777154,0.0
16.48,1.63,1.33382,-0.5237932967470755,7.31,2.0261714,0.0,-13.568189479361108,-1.1982611774734464,38903131815.0,135.01,0.40051059436534847,-0.06885250450850434,0.4723695476572309,0.0
17.78,3.82,3.9635563,0.0,5.7,1.6036655,12544000000.0,1.3120594140039121,0.03135625924921904,157817273295.0,101.35,0.9746093868708826,-0.6108383452521898,1.5792058283076162,0.0
21.84,3.38,4.015666,0.10186810663796561,5.6,0.3276319,4751300000.0,0.6907885591919649,-0.3151022276115486,83226586345.0,198.73,-0.2740793473349928,0.4326535691116496,1.0734566715493348,0.0
27.0,3.97,4.516748,0.37842436401602675,3.55,1.9402406,949500000.0,-0.33966983685567637,-0.05164814891815088,12810515320.0,99.62,-0.04268589308427518,0.30340484381082844,-0.4056049186301939,0.0
15.35,2.73,2.3735986,-0.3507877835875962,6.62,1.6927768,7671000000.0,0.9973389962492036,0.4013694163967543,74185800000.0,93.02,0.9586214275521592,-0.4904333246201176,0.9825662255291657,0.0
21.01,10.35,1.9293598,0.4403728599660956,3.46,1.64042,4600216000.0,0.6701088404943571,0.278760447216667,48181450881.0,74.36,0.8724753238003112,-0.3437507593578321,0.6414339593172466,0.0
17.02,1.88,3.1079664,-0.28689024242806677,4.5,0.7204611,0.0,-13.568189479361108,-1.1982611774734464,9614412169.0,80.52,0.6364669751481887,-0.44193785366886285,-0.6324499738452077,0.0
25.85,6.57,3.175548,0.4142799697847352,3.16,0.6091133,1097534000.0,-0.24695150876558142,-0.11646231908164208,15694951118.0,81.17,-1.0857733400649925,1.5824580113953528,-0.2450977853161332,0.0
19.57,6.01,1.1642125,-0.06486553339300799,3.3,1.6030874,859519000.0,-0.4033840927431265,0.3735885932750894,8459271203.0,65.94,-0.7990423943411311,0.4819937894963962,-0.7336203651294015,0.0
23.76,3.4,4.268832,0.19507770455757714,7.92,0.0,1635916000.0,0.00847291783409942,0.4622057691882023,15241203731.0,283.0,-0.5573190442492353,0.7541765075636232,-0.26828516485194537,-1.0
58.04,3.49,4.5925775,1.3688527000379391,0.81,0.0,234000000.0,-1.2359813564897006,-0.5632908464563728,5700998508.0,40.05,-1.1892464275295052,0.6259240415505635,-1.045526325709344,-1.0
17.81,4.11,2.1080317,-0.18082771736026218,1.59,0.9983361,5280000000.0,0.7583074175143926,0.6569886328267671,44027094922.0,34.56,-0.5567838041467317,0.7697334205139947,0.5701651728546436,0.0
17.57,4.04,3.1654842,-0.07694508607512276,1.59,1.0084034,5280000000.0,0.7583074175143926,0.036801532230119234,66135313503.0,34.09,-0.5864668527229112,0.809972704010433,0.8917739285517814,0.0
13.92,2.55,0.93730986,-0.5733815894706741,4.79,1.6353229,2521000000.0,0.2852174547707629,0.24844822263202493,26957526800.0,73.92,-0.22818484651075385,0.3602663028394323,0.18244398437965226,0.0
15.35,2.09,3.7773547,-0.2493420367970637,3.52,2.189781,0.0,-13.568189479361108,-1.1982611774734464,90940115897.0,52.65,1.1174608169805191,-0.5728092386588208,1.1435126058715455,0.0
17.79,3.27,12.365829,0.8891500819284409,1.08,3.668639,665141000.0,-0.5674484217458069,-0.06129843668125129,9050154422.0,32.92,0.8930221367615195,-0.8761832173125459,-0.6802540248179366,0.0
32.07,8.04,3.3779113,0.7680359679033161,6.52,0.0,1002093000.0,-0.30517022239268654,-0.03267366328098308,13300000127.0,209.09,-0.8478639716398997,-0.3713569663097441,-0.3759670222513784,-1.0
32.05,2.72,1.602308,0.11291846103645417,0.45,0.0,399277000.0,-0.8940385780291338,-0.1436460860174046,5856913571.0,13.14,-1.7214451692312265,-0.20780421627655657,-1.0242004067372692,-1.0
29.15,2.5,1.4738787,-0.015866674348170216,0.45,0.0,399277000.0,-0.8940385780291338,-0.04729853428003209,5366628950.0,12.8328,-1.730747456296954,0.042100078514379004,-1.093298730524629,-1.0
22.06,3.4,4.8605075,0.20495389172734174,13.52,2.062655,10169000000.0,1.1777365627480088,0.35142530817922335,101513290382.0,124.86,0.013697460396118391,0.12924114994957972,1.230446679623698,0.0
8.85,2.09,0.5020496,-0.8284796683190143,7.05,0.0,5929000000.0,0.8324955137233,3.5386580732106845,19363059152.0,63.37,-0.19048279669198473,-0.3348473831025921,-0.07909325598684863,-1.0
21.47,4.71,1.0903316,-0.12205362192499217,10.71,1.3284917,17454000000.0,1.5234490311218736,0.035602177161842274,218834811333.0,216.46,-0.635236587036692,0.7300091712580861,1.8375687193727819,0.0
18.27,64.7,1.4744618,4.96461232241538,5.62,2.9666696,7919000000.0,1.0177006283299879,0.07207319994189984,96436356833.0,109.28,0.3836491974477618,-0.5434094578423463,1.189894451519634,0.0
16.33,4.53,2.1782618,-0.185738201223633,15.72,0.0,2760000000.0,0.3431801912941502,1.715226080646862,14654954091.0,161.99,-1.355956947853847,1.6519420663243543,-0.2992875857820346,-1.0
19.26,3.4,1.7324123,-0.2358198422224535,5.7,2.1216943,10584000000.0,1.2033339414028081,0.35537802024748244,105387272474.0,127.48,0.5042659362093302,-0.052386484002521036,1.2600485680494444,0.0
15.36,2.21,1.3158662,-0.5129269399018023,7.14,0.34153005,1676204000.0,0.024041944003286936,1.1344657173522652,11116075286.0,114.87,0.23220196019514583,0.008669185240649703,-0.5177410882758575,0.0
11.51,1.19,0.9984924,-0.7627455949827793,4.38,1.8189007,0.0,-13.568189479361108,-1.1982611774734464,11256432318.0,47.87,0.2895698016506782,-0.42512836079495125,-0.5078236859883267,0.0
25.9,7.89,3.7110944,0.5888938370241633,2.55,2.2865665,1624441000.0,0.00396828172764985,-0.40795117815670534,31797645904.0,78.75,-0.9871198534946827,1.7699488580173124,0.3129612453192802,0.0
18.74,1.93,0.4211918,-0.5252137371924045,9.24,3.5618877,5401000000.0,0.7728072310633513,0.9271067692138562,39312309113.0,86.77,-0.7672970858076613,0.9191494468231496,0.4806393611464437,0.0
29.93,7.32,3.9652252,0.7011198186568781,2.69,0.0,500600000.0,-0.7493145116375257,-0.4740041650624677,10692681720.0,112.82,-0.8507870169240679,1.0074436844646844,-0.5484341796343418,-1.0
12.21,1.76,7.0740495,-0.01391445087214098,1.86,5.965641,1935931000.0,0.11622978671539037,0.3891833885446529,18865999082.0,50.92,0.08764720775396666,-0.8976581707256085,-0.09964801896407495,0.0
29.5,10.82,12.401829,1.927230035680684,3.43,0.0,767864000.0,-0.4755441045085556,-0.0937679722141063,10754983829.0,105.62,-0.14534003283416352,0.39651178086589284,-0.5438422348014506,-1.0
28.84,9.34,9.935474,1.5036785040012375,3.45,0.0,1011200000.0,-0.2993807138672632,-0.19514975413087735,15594677147.0,92.28,0.371479146141244,0.06876915539518941,-0.2501637483676078,-1.0
13.08,7.96,1.6452544,-0.05782666309863872,7.36,4.626544,34156879999.99997,1.9531027816599529,1.3410196569195922,208092277044.0,49.04,0.6036639526439714,-0.2356114336148364,1.7977838954125382,0.0
200.0692,21.91,16.184554639999998,8.92309761626852,1.04,0.0,97562000.0,-1.795823466796532,-1.1599248459122276,39369386348.0,151.6,-1.749619532585051,2.41052468727784,0.4817860933624424,-1.0
8.68,2.08,1.0924768,-0.7691669829586129,4.68,2.622091,5600000000.0,0.7959619051037602,6.9737578160930065,10601008017.0,32.71,-1.8179107342440675,1.1158290739859378,-0.5552398240853843,0.0
32.72,9.4,14.433654,2.1378331846080867,2.8,0.70204765,13086000000.0,1.3391292618501538,-0.4485924866344124,270038723213.0,113.86,-0.28125426677221205,0.56002174521202,2.0037472941739507,0.0
16.22,3.63,7.1491003,0.287144418854842,4.33,3.744428,0.0,-13.568189479361108,-1.1982611774734464,12778779911.0,66.18,-0.8959427402426088,-0.818097349117123,-0.4075653819373971,0.0
40.9,3.54,5.7576876,0.9379483717058062,3.1,0.7797879,970976000.0,-0.32535676018215665,-0.31281007758492924,16964162228.0,121.47,0.5261713906755826,-0.3611992386281872,-0.1836337633825144,0.0
23.1,3.89,0.82099426,-0.16871435877741078,4.39,1.983471,30721000000.0,1.8852577213072435,0.3615735201988576,304680931618.0,100.02,-0.7594457337041988,1.185809789799149,2.0991474408270654,0.0
13.38,3.06,0.5904388,-0.5860471413119889,3.78,2.2368238,7083000000.0,0.946304007930799,0.3480219542753179,70862541911.0,68.22,0.16130824479823896,-0.5481666403974225,0.9463419230537298,0.0
25.36,6.73,3.2787669,0.42336063231562593,2.66,2.0800195,3896000000.0,0.5637806941224245,0.5000605713738407,35488486675.0,79.12,0.553729075929436,-0.26894316175800853,0.39975902317390627,0.0
26.64,6.15,6.9824114,0.8283620613050432,0.19,0.0,773932000.0,-0.47050688029452353,-0.4529536843092527,16064078572.0,191.79,-0.33017279580119546,0.4491823653956079,-0.22672388313747663,-1.0
19.57,2.1,2.4834197,-0.2535253812525345,3.79,3.691948,2736500000.0,0.3377080833081478,1.0427559194852338,18890296993.0,59.5,0.8122552840999984,-0.6224475596988049,-0.09863071125719623,0.0
13.58,1.58,2.8728192,-0.4522311379045025,4.07,2.7111576,0.0,-13.568189479361108,-1.1982611774734464,281463620775.0,55.4,0.3013414757375788,-0.32255658996330394,2.036499443881101,0.0
12.74,1.49,6.725218,-0.05848039564367309,2.81,6.1538463,1908253000.0,0.10701450904403424,0.21125960554408715,20943679019.0,54.67,0.020293343157118112,-0.8741716730695505,-0.017071326835259436,0.0
10.19,2.0,1.245503,-0.7092118331640307,1.29,2.389201,5169000000.0,0.744710671974113,2.031267696888919,24760297793.0,80.09,0.3194547907713284,-0.33229110785259025,0.1152439807441426,0.0
10.17,12.65,2.22677,0.3136071042199809,0.51,3.5915854,694600000.0,-0.5397152109101632,0.0021282673727418947,8951609207.0,18.81,0.9699622958500915,-0.7356798882494786,-0.6889076393369741,0.0
23.26,1.58,1.075785,-0.33333924540638854,2.77,2.6699784,2262300000.0,0.21592863274655524,0.9314114054005934,16433340688.0,60.93,-0.13119851547035602,0.1380109510740192,-0.2087609483393576,0.0
34.29,2.9,3.6396794,0.42917444798920795,0.77,3.7079954,1365000000.0,-0.10738753738453576,-0.38827956522044843,26070297960.0,33.6,0.8821823937187943,-0.4803930806153361,0.15599280205634453,0.0
11.77,2.57,0.58064795,-0.682268943285928,4.51,2.5652986,1842000000.0,0.08440138574029156,1.1416803899426573,12177920000.0,164.95,0.6103898633459542,-0.6710565688775311,-0.44563186269409116,0.0
48.41,3.01,4.2982845,0.9774290398832688,-0.57,4.0,3955000000.0,0.5733991552243017,1.268580888495015,24802396470.0,28.56,0.7222298192456139,-0.5645133553637423,0.1165867035523771,0.0
18.67,2.1,3.4484663,-0.17568419038521468,3.07,1.347058,1440000000.0,-0.07315789926440916,-0.12624874207682404,20780269334.0,152.36,0.21883971015867623,0.23105829064387404,-0.023262419936097758,0.0
18.77,18.91,2.7332082,1.1908492244751885,5.53,1.9541779,1232000000.0,-0.172991517818404,0.3908018250788637,11993835688.0,113.56,-0.6189749341151222,0.869637260177945,-0.45767084288278637,0.0
31.7,51.69,2.478658,4.402441613799631,7.27,1.1279043,1501301000.0,-0.0464794019377551,0.07606086674652204,18225400525.0,169.28,-1.9641196734061095,2.5336568472811507,-0.12695216773897408,0.0
18.14,1.94,2.520456,-0.31027095948772415,2.21,3.3914273,3885828000.0,0.5621076963821892,1.5899851403798604,21559611927.0,42.44,0.6568045732141398,-0.7020874147140299,0.005838086849821432,0.0
8.87,1.49,0.7877656,-0.8474931828975427,0.59,3.207184,1191000000.0,-0.19465071127561193,1.1225701595035857,7938833340.0,29.8,0.056597420739572524,-0.3461368170755198,-0.7838076657482309,0.0
27.19,7.22,7.101206,0.9515713578066846,2.32,2.0904882,845468000.0,-0.413932001795412,-0.4318179207473614,17064975551.0,62.82,0.055289482210452864,-0.2494592176474423,-0.17895058202505018,0.0
-19.93,0.97,0.84394187,-1.8352147912046974,-2.24,2.0952382,0.0,-13.568189479361108,-1.1982611774734464,10753423590.0,41.26,0.07617164514145511,0.07348519723130074,-0.543956906328646,0.0
30.94,5.31,2.7262094,0.42385168143458535,1.83,1.1700794,722000000.0,-0.5149565087470965,-0.3334315005032679,12915021000.0,70.24,-0.7446907803474665,1.2006228847399973,-0.3991832104283184,0.0
27.25,205.0419999999998,6.3136363,17.84623992928902,4.07,1.7970798,2289000000.0,0.2234370977929719,0.11308515145209835,27003303098.0,76.3,0.14374885712159852,0.041791035318290495,0.18378500319799557,0.0
14.32,2.39,3.1648953,-0.325772477516044,9.01,0.7948336,2007400000.0,0.1394289549603972,0.07161131881330934,24454698119.0,115.53,0.830836867324233,-0.5518386150231178,0.10542799913818562,0.0
17.73,1.42,3.7945793,-0.22648112418057903,2.6,1.480933,0.0,-13.568189479361108,-1.1982611774734464,10670678640.0,50.71,-0.10749673121277904,0.471029845949058,-0.5500623010385147,0.0
32.8,18.09,9.280896,2.3123649200136565,1.65,0.68237203,1734000000.0,0.04573543231726639,-0.4529418932293926,35991109776.0,71.51,-0.43887385433309156,0.6973626420452899,0.41087481057920044,0.0
